# Blender v2.79 (sub 0) OBJ File: 'Woman.blend'
# www.blender.org
mtllib Woman.mtl
o girl
v 0.783294 3.893606 -0.017741
v 0.812309 3.877725 0.030582
v 0.774868 3.892194 0.045213
v 0.767769 3.917974 0.013603
v 0.887227 3.910509 -0.008152
v 0.870520 3.991296 -0.011951
v 0.848298 3.988579 0.039296
v 0.856983 3.902661 0.045787
v 0.763696 3.973757 -0.031279
v 0.757401 3.971524 0.009528
v 0.823871 3.825084 0.035358
v 0.821860 3.814842 -0.013671
v 0.826965 3.762007 0.001118
v 0.822656 3.762722 0.036875
v 0.897432 3.843031 -0.124885
v 0.894846 3.825803 -0.065690
v 0.881008 3.752925 -0.077441
v 0.883801 3.754559 -0.113105
v 0.896777 3.919883 -0.126391
v 0.882801 3.993035 -0.129485
v 0.879132 3.992046 -0.067579
v 0.895177 3.912871 -0.066670
v 0.811829 3.899951 -0.133399
v 0.798464 3.894781 -0.076116
v 0.781747 3.974951 -0.076493
v 0.798970 3.974816 -0.130209
v 0.888864 3.825459 -0.006338
v 0.870756 3.832816 0.041236
v 0.866305 3.760421 0.040815
v 0.873271 3.759571 0.005348
v 0.833271 3.909841 -0.185588
v 0.823058 3.977892 -0.176800
v 0.880129 3.923571 -0.182285
v 0.867223 3.989804 -0.177869
v 0.825685 3.729876 -0.023682
v 0.828803 3.729500 -0.059355
v 0.805935 3.650922 -0.059897
v 0.802925 3.651293 -0.025495
v 0.873263 3.727443 -0.019310
v 0.876386 3.727086 -0.055107
v 0.826877 3.814825 -0.071726
v 0.833423 3.755332 -0.081631
v 0.836217 3.756966 -0.117295
v 0.819730 3.679830 -0.117294
v 0.816720 3.680202 -0.082891
v 0.831384 3.831455 -0.130447
v 0.843153 3.846869 -0.182874
v 0.844584 3.780943 -0.177789
v 0.841190 3.780321 -0.141629
v 0.889829 3.857829 -0.179450
v 0.888313 3.778067 -0.137581
v 0.890742 3.779011 -0.174035
v 0.849679 3.637962 -0.055930
v 0.846669 3.638334 -0.021527
v 0.820929 3.583084 -0.028240
v 0.823060 3.582821 -0.052606
v 0.831913 3.711941 -0.142330
v 0.834852 3.711578 -0.175920
v 0.825828 3.659136 -0.171769
v 0.823723 3.659396 -0.147701
v 0.792371 3.593498 -0.055407
v 0.790239 3.593761 -0.031041
v 0.811393 3.688387 0.002071
v 0.807403 3.689212 0.036481
v 0.860462 3.667242 -0.078924
v 0.863473 3.666870 -0.113327
v 0.875679 3.698980 -0.138625
v 0.878666 3.698611 -0.172765
v 0.847826 3.676730 0.040457
v 0.854051 3.675538 0.006037
v 0.854420 3.648716 -0.144999
v 0.856543 3.648454 -0.169267
v 0.825700 3.621249 0.034548
v 0.829320 3.620298 0.010083
v 0.807561 3.622134 -0.112678
v 0.805430 3.622397 -0.088312
v 0.836118 3.611719 -0.085512
v 0.838250 3.611455 -0.109878
v 0.799331 3.630761 0.007219
v 0.796577 3.631482 0.031643
v 0.804903 4.047810 0.045095
v 0.801935 3.977773 0.080402
v 0.755220 3.970236 0.064508
v 0.771812 4.047485 0.031853
v 0.762677 4.036654 0.003891
v 0.816921 3.904329 0.065954
v 0.789569 3.905959 0.111246
v 0.806398 3.867038 0.080407
v 0.769461 3.859916 0.069880
v 0.754142 3.901622 0.098670
v 0.767203 3.806386 0.086801
v 0.753071 3.825161 0.121452
v 0.784525 3.828697 0.132126
v 0.800131 3.811350 0.095047
v 0.768587 3.760499 0.100192
v 0.757749 3.767119 0.128762
v 0.779764 3.769082 0.136110
v 0.790850 3.763181 0.106850
v 0.172797 5.767286 0.167871
v 0.213191 5.845576 0.115869
v 0.324430 5.834757 0.104559
v 0.311286 5.746240 0.154531
v 0.320064 5.634908 0.207197
v 0.222676 5.634208 0.236410
v 0.501076 5.771048 -0.259825
v 0.463920 5.676292 -0.282830
v 0.231396 5.861934 -0.316887
v 0.215382 5.667492 -0.360893
v 0.302723 5.679203 -0.345513
v 0.305708 5.809224 -0.316983
v 0.374371 5.686705 -0.323966
v 0.396644 5.795400 -0.296157
v 0.450616 3.545162 -0.212563
v 0.230052 3.555440 -0.233849
v 0.590686 3.527827 0.081072
v 0.574712 3.519859 -0.090249
v 0.346707 2.092035 -0.106405
v 0.203827 2.085261 -0.117758
v 0.198167 1.853918 -0.122857
v 0.333385 1.846028 -0.112403
v 0.103282 1.836342 -0.049422
v 0.109903 2.085747 -0.047647
v 0.091440 2.089581 0.104883
v 0.098129 1.825753 0.099580
v 0.303429 0.236192 -0.009578
v 0.298239 0.245142 -0.097431
v 0.453700 5.625910 0.075197
v 0.454494 5.475095 -0.086299
v 0.460732 5.493450 -0.014260
v 0.444879 5.554050 0.070807
v 0.102012 0.312774 -0.089290
v 0.108758 0.466180 -0.084126
v 0.109564 0.460642 0.001546
v 0.104024 0.310679 0.002088
v 0.242851 0.464509 -0.142126
v 0.154159 0.465137 -0.135917
v 0.151373 0.317256 -0.146605
v 0.240581 0.314008 -0.151744
v 0.254340 -0.018350 0.168998
v 0.252361 0.021319 0.045866
v 0.157620 0.021458 0.055891
v 0.162921 -0.018303 0.176529
v 0.244500 0.091425 0.358038
v 0.181519 0.091836 0.363916
v 0.096786 5.626365 0.237475
v 0.474056 5.248790 0.091736
v 0.462427 5.373360 0.104665
v 0.437737 5.356514 -0.095536
v 0.433133 5.240727 -0.085070
v 0.082603 5.464817 -0.346128
v 0.087070 5.536814 -0.361826
v 0.103823 5.651824 -0.368555
v 0.101782 5.824764 -0.352030
v 0.052578 3.356433 0.085601
v 0.101040 3.351966 -0.097461
v 0.045809 3.571157 0.027665
v 0.084942 5.229615 -0.286788
v 0.080268 5.308035 -0.304061
v 0.075607 5.397994 -0.328261
v 0.571028 3.323981 0.098281
v 0.564982 3.323325 -0.088157
v 0.405149 1.830330 0.108774
v 0.424238 2.079582 0.119126
v 0.418230 2.076759 -0.033551
v 0.403206 1.837822 -0.044510
v 0.534431 2.944565 0.104619
v 0.533211 2.959226 -0.094636
v 0.481986 2.476428 0.100070
v 0.475758 2.466635 -0.060658
v 0.454028 5.091276 0.079705
v 0.420924 5.098619 -0.083860
v 0.422163 4.845950 0.065680
v 0.406247 4.864223 -0.069517
v 0.438390 4.574944 0.053412
v 0.427409 4.582955 -0.070819
v 0.064897 6.205344 -0.291977
v 0.070355 6.477051 -0.338560
v 0.075421 6.608478 -0.405237
v 0.060502 6.351700 -0.296036
v 0.100308 4.292527 -0.291142
v 0.080429 3.558898 -0.094310
v 0.068899 4.026920 -0.372194
v 0.063885 3.755516 -0.314480
v 0.122436 7.072480 -0.290195
v 0.169479 7.108869 -0.034425
v 0.238648 6.855957 -0.295519
v 0.243434 6.715625 -0.299968
v 0.314193 6.699353 -0.035951
v 0.311179 6.860571 -0.046026
v 0.266991 6.996546 -0.036990
v 0.211223 6.989565 -0.265720
v 0.263530 0.208755 0.087917
v 0.255323 0.135081 0.212094
v 0.168539 0.143742 0.227313
v 0.148834 0.210195 0.103766
v 0.103767 0.161811 0.075259
v 0.120583 0.121504 0.215385
v 0.094769 0.237287 0.002064
v 0.100136 0.245662 -0.097822
v 0.401698 5.347257 0.334767
v 0.404759 5.195590 0.327374
v 0.263334 5.163297 0.417761
v 0.263595 5.335934 0.419024
v 0.236053 5.513749 0.336171
v 0.367642 5.510322 0.284657
v 0.162707 6.853736 0.216266
v 0.157003 6.680105 0.257267
v 0.144831 7.034783 0.117118
v 0.737286 5.610990 -0.167549
v 0.739670 5.621529 0.037452
v 0.574873 5.518712 -0.212430
v 0.659608 5.554781 -0.212030
v 0.535664 4.250156 0.039814
v 0.511212 4.294474 -0.116916
v 0.399120 4.308038 -0.235649
v 0.247166 4.301518 -0.294014
v 0.274776 5.482446 -0.302031
v 0.283046 5.557779 -0.327585
v 0.198097 5.546129 -0.351241
v 0.197322 5.469484 -0.330513
v 0.080547 6.741953 -0.432649
v 0.086705 6.866665 -0.422955
v 0.082562 6.988708 -0.383148
v 0.087953 5.115567 -0.270838
v 0.106465 4.594037 -0.253591
v 0.088913 4.893015 -0.259330
v 0.296011 0.106915 0.192061
v 0.307162 0.146266 0.059333
v 0.154539 0.078868 -0.012044
v 0.249981 0.080228 -0.016979
v 0.394090 5.627187 0.146950
v 0.150229 0.248365 -0.157151
v 0.237791 0.248793 -0.164877
v 0.308115 0.171674 -0.018456
v 0.298399 0.186977 -0.103102
v 0.334749 5.112446 -0.176468
v 0.206696 5.116839 -0.243060
v 0.209588 5.307518 -0.275521
v 0.211665 5.229947 -0.257456
v 0.336646 5.237175 -0.193654
v 0.329077 5.316765 -0.213383
v 0.423319 4.241605 0.188598
v 0.276274 4.221785 0.250917
v 0.459526 3.551907 0.232219
v 0.203310 3.570627 0.246349
v 0.135449 6.488621 0.262901
v 0.104561 6.345345 0.211941
v 0.100298 0.194363 -0.104632
v 0.089992 0.185209 -0.008753
v 0.064664 3.615633 0.218254
v 0.043549 3.572898 0.134339
v 0.216937 6.419868 -0.043040
v 0.283122 6.549428 -0.038060
v 0.215535 6.581863 -0.275488
v 0.169198 6.461365 -0.227737
v 0.257659 6.520957 0.106148
v 0.202548 6.394337 0.067112
v 0.361437 5.910019 0.030440
v 0.275090 5.927873 0.029361
v 0.260391 5.937553 -0.254108
v 0.324802 5.904056 -0.248660
v 0.586762 5.877649 0.033779
v 0.554008 5.840857 -0.206967
v 0.470282 5.905965 0.026735
v 0.419868 5.878771 -0.233840
v 0.116777 5.017593 0.332042
v 0.499490 5.586257 -0.188208
v 0.130104 4.767518 0.300036
v 0.136260 4.505578 0.279383
v 0.270208 6.844279 0.098536
v 0.273172 6.697294 0.123439
v 0.533130 5.809789 0.083482
v 0.494186 5.732228 0.087548
v 0.687027 4.951885 0.003433
v 0.764476 4.960955 0.006928
v 0.777984 4.804523 0.002342
v 0.713825 4.793921 -0.003676
v 0.790218 4.204429 -0.003708
v 0.843166 4.209701 -0.015428
v 0.841708 4.112113 -0.000615
v 0.787204 4.097003 0.004072
v 0.739080 4.499517 -0.003282
v 0.808295 4.505740 0.006481
v 0.492407 5.562803 -0.119555
v 0.237473 5.026713 0.332767
v 0.348036 5.044532 0.276310
v 0.516207 5.603480 -0.011310
v 0.207611 5.396041 -0.302312
v 0.307572 5.406812 -0.254355
v 0.135090 4.220886 0.272867
v 0.437933 5.583908 -0.259274
v 0.427927 5.524550 -0.215776
v 0.131281 3.930871 0.281869
v 0.117648 3.722119 0.271204
v 0.080200 5.826653 0.132697
v 0.085439 5.745571 0.175676
v 0.347157 5.489628 -0.261087
v 0.353356 5.564250 -0.300526
v 0.419151 5.472255 -0.176294
v 0.248892 0.451858 0.051204
v 0.248543 0.318110 0.050985
v 0.146864 0.314109 0.051346
v 0.150122 0.456921 0.047535
v 0.124468 6.477985 -0.304374
v 0.158424 6.598191 -0.352979
v 0.238529 0.193330 -0.176496
v 0.153453 0.190264 -0.169781
v 0.070375 6.023829 0.030867
v 0.075973 5.915359 0.083413
v 0.148834 6.201165 -0.078035
v 0.142886 6.223083 -0.211825
v 0.109139 6.213854 -0.260268
v 0.705547 5.770405 0.033130
v 0.689811 5.737656 -0.182288
v 0.155296 3.357787 0.216291
v 0.433004 3.346385 0.239132
v 0.438657 3.329494 -0.215415
v 0.226626 3.339853 -0.211214
v 0.727929 4.194003 -0.074841
v 0.750251 4.195684 -0.024026
v 0.751900 4.096151 -0.027384
v 0.745465 4.098066 -0.080872
v 0.615628 5.694528 -0.225479
v 0.529323 5.633547 -0.225904
v 0.102553 5.947061 -0.330807
v 0.090143 6.038629 -0.313664
v 0.168266 6.730425 -0.382028
v 0.171774 6.862719 -0.370002
v 0.403186 5.744108 0.124130
v 0.418733 5.830687 0.093762
v 0.535424 5.509756 -0.000752
v 0.503465 5.492911 -0.088540
v 0.519097 5.511999 -0.174036
v 0.289165 0.451569 -0.106523
v 0.293712 0.308901 -0.098702
v 0.301428 0.315814 -0.022520
v 0.304636 0.445558 -0.018666
v 0.422090 1.441342 0.049315
v 0.429854 1.447851 -0.073196
v 0.392794 1.098373 0.020987
v 0.386750 1.106862 -0.107936
v 0.339557 0.778147 0.009116
v 0.328575 0.796105 -0.110461
v 0.811675 4.945812 -0.146770
v 0.834466 4.782626 -0.147830
v 0.842452 4.801069 -0.031051
v 0.819700 4.954772 -0.035310
v 0.866828 4.216575 -0.039358
v 0.858999 4.219646 -0.139468
v 0.872521 4.113424 -0.130181
v 0.865425 4.112407 -0.034589
v 0.862478 4.506817 -0.023824
v 0.860465 4.501678 -0.138977
v 0.063481 6.193574 -0.006765
v 0.117587 6.197618 -0.036886
v 0.318959 1.454498 -0.190150
v 0.165724 1.452900 -0.178036
v 0.290983 1.138054 -0.195519
v 0.157569 1.139631 -0.177469
v 0.253234 0.801734 -0.164220
v 0.162351 0.796966 -0.153787
v 0.343139 2.101681 0.211862
v 0.336777 1.840307 0.195440
v 0.170243 1.841879 0.194865
v 0.164162 2.097278 0.202963
v 0.748307 4.960921 -0.184143
v 0.673975 4.941303 -0.175408
v 0.699094 4.781417 -0.169866
v 0.766082 4.778187 -0.182254
v 0.621505 4.922987 -0.098330
v 0.639415 4.926816 -0.036121
v 0.658947 4.761655 -0.039243
v 0.646372 4.755426 -0.094148
v 0.662289 4.771967 -0.135719
v 0.633343 4.929193 -0.136395
v 0.829561 4.204499 -0.159113
v 0.763576 4.195025 -0.151925
v 0.790225 4.104321 -0.165021
v 0.849624 4.110541 -0.165843
v 0.799318 4.471591 -0.165391
v 0.724962 4.465206 -0.145914
v 0.682744 5.607928 0.063335
v 0.597229 5.572793 0.055276
v 0.546570 5.191038 -0.071265
v 0.588713 5.205002 0.004742
v 0.646343 5.237129 0.035891
v 0.712404 5.269764 0.036218
v 0.122983 5.322526 0.420190
v 0.128479 5.160342 0.414940
v 0.244493 4.790843 0.271235
v 0.349070 4.820276 0.201191
v 0.266934 4.511506 0.243963
v 0.374480 4.535657 0.173625
v 0.225377 4.596505 -0.229540
v 0.336023 4.605205 -0.175770
v 0.212999 4.893908 -0.230518
v 0.327922 4.873965 -0.167816
v 0.187709 6.054823 -0.056431
v 0.179537 6.070938 -0.233103
v 0.218409 5.997067 -0.241039
v 0.211093 5.988180 -0.008435
v 0.162721 5.964948 -0.300650
v 0.140202 6.043862 -0.286202
v 0.095317 0.774017 0.001137
v 0.104588 0.778154 -0.095103
v 0.092367 1.090710 0.020458
v 0.091758 1.109920 -0.094311
v 0.099410 1.424722 0.050910
v 0.086295 1.433161 -0.066040
v 0.066799 6.309387 0.039074
v 0.161412 6.329839 -0.059240
v 0.149308 6.360171 -0.203419
v 0.101184 5.513247 0.316000
v 0.759800 4.098936 -0.128311
v 0.736425 4.193077 -0.122073
v 0.584202 5.673127 0.066309
v 0.641185 5.735964 0.072588
v 0.141402 6.033782 0.001160
v 0.163221 5.946579 0.052298
v 0.159466 3.000771 0.213760
v 0.400616 2.971874 0.231899
v 0.164284 2.513520 0.199509
v 0.371146 2.506621 0.218885
v 0.178058 1.449573 0.138002
v 0.304976 1.444490 0.154488
v 0.172985 1.117787 0.112065
v 0.292116 1.114284 0.122530
v 0.166475 0.781119 0.083848
v 0.268476 0.776654 0.083767
v 0.593709 3.954503 0.043948
v 0.584588 3.947007 -0.147393
v 0.600641 3.771891 0.059932
v 0.582553 3.741347 -0.128951
v 0.083415 2.539879 0.070268
v 0.095411 2.543966 -0.046493
v 0.075574 3.014653 0.089400
v 0.101112 3.015812 -0.087473
v 0.781453 5.252002 -0.006438
v 0.777607 5.251897 -0.153108
v 0.704889 5.231173 -0.192892
v 0.624337 5.218408 -0.189076
v 0.276671 3.937843 0.270441
v 0.469534 3.960410 0.202896
v 0.253669 3.724804 0.268383
v 0.472163 3.761083 0.218421
v 0.418536 2.965775 -0.217224
v 0.217598 2.990438 -0.209488
v 0.387997 2.506764 -0.162494
v 0.192755 2.510535 -0.157886
v 0.685314 4.473215 -0.083592
v 0.699583 4.478252 -0.036455
v 0.476110 3.994949 -0.294100
v 0.272558 4.020522 -0.372134
v 0.494037 3.763971 -0.247781
v 0.245225 3.747058 -0.334765
v 0.103235 0.095220 0.068398
v 0.106128 0.066579 0.197410
v 0.298259 0.080306 0.277434
v 0.256604 0.030876 0.366710
v 0.136789 0.087790 0.322394
v 0.172753 0.041001 0.375013
v 0.298414 0.133171 -0.026781
v 0.308035 0.099624 0.051362
v 0.122433 0.011022 0.180868
v 0.313078 0.053823 0.182631
v 0.379576 5.428911 -0.203858
v 0.423942 5.503157 0.173686
v 0.174671 6.943138 -0.339730
v 0.243708 6.975862 0.060981
v 0.133498 6.318469 -0.007324
v 0.108822 6.354708 -0.262270
v 0.573039 5.202022 -0.155595
v 0.701678 4.469715 -0.125387
v 0.098749 0.141463 -0.016090
v 0.307120 0.039465 0.279181
v 0.129326 0.051336 0.329406
v 0.122381 0.056102 0.058143
v 0.119040 0.072974 -0.010500
v 0.283471 0.049276 0.042858
v 0.292943 0.010794 0.163215
v 0.283202 0.095521 -0.014905
v 0.183238 -0.018044 0.321077
v 0.250706 -0.016939 0.315085
v 0.144522 7.104982 -0.164337
v 0.288112 6.858711 -0.177291
v 0.299289 6.701567 -0.170435
v 0.242545 7.009849 -0.160844
v 0.763731 5.640129 -0.057210
v 0.187506 6.448350 -0.145018
v 0.254014 6.573010 -0.162079
v 0.380228 5.948304 -0.125665
v 0.306560 5.970057 -0.125650
v 0.592467 5.888793 -0.088710
v 0.473115 5.932329 -0.113843
v 0.161814 6.207802 -0.143248
v 0.715811 5.793274 -0.067125
v 0.831778 4.949604 -0.097416
v 0.862102 4.788278 -0.088370
v 0.876264 4.115519 -0.080721
v 0.877015 4.214853 -0.089709
v 0.885339 4.508480 -0.083553
v 0.249149 6.013532 -0.129913
v 0.208177 6.065907 -0.143545
v 0.166547 6.340812 -0.130476
v 0.799576 5.246872 -0.074645
v 0.293402 0.004549 0.263910
v 0.134378 0.013069 0.310143
v 0.262628 -0.008074 -0.060611
v 0.286390 -0.008074 -0.112895
v 0.112308 -0.008074 -0.114240
v 0.135478 -0.008074 -0.054955
v 0.238529 -0.008074 -0.186196
v 0.153453 -0.008074 -0.179482
v 0.152878 0.133709 -0.173872
v 0.103053 0.137711 -0.107853
v 0.295676 0.130530 -0.106365
v 0.239049 0.136815 -0.180673
v -0.783294 3.893606 -0.017741
v -0.812309 3.877725 0.030582
v -0.774868 3.892195 0.045213
v -0.767769 3.917974 0.013603
v -0.887227 3.910509 -0.008152
v -0.870520 3.991297 -0.011951
v -0.848299 3.988579 0.039296
v -0.856983 3.902662 0.045787
v -0.763696 3.973757 -0.031279
v -0.757401 3.971524 0.009528
v -0.823871 3.825085 0.035358
v -0.821860 3.814843 -0.013671
v -0.826965 3.762007 0.001118
v -0.822655 3.762723 0.036875
v -0.897431 3.843032 -0.124885
v -0.894846 3.825804 -0.065690
v -0.881007 3.752925 -0.077441
v -0.883801 3.754559 -0.113105
v -0.896777 3.919884 -0.126391
v -0.882800 3.993036 -0.129485
v -0.879132 3.992047 -0.067579
v -0.895177 3.912872 -0.066670
v -0.811829 3.899952 -0.133399
v -0.798464 3.894781 -0.076116
v -0.781747 3.974952 -0.076493
v -0.798970 3.974817 -0.130209
v -0.888864 3.825460 -0.006338
v -0.870756 3.832816 0.041236
v -0.866305 3.760422 0.040815
v -0.873271 3.759572 0.005348
v -0.833271 3.909842 -0.185589
v -0.823058 3.977892 -0.176800
v -0.880129 3.923571 -0.182285
v -0.867223 3.989805 -0.177869
v -0.825685 3.729876 -0.023683
v -0.828803 3.729500 -0.059355
v -0.805935 3.650921 -0.059897
v -0.802925 3.651293 -0.025495
v -0.873263 3.727444 -0.019310
v -0.876386 3.727086 -0.055107
v -0.826877 3.814825 -0.071726
v -0.833423 3.755332 -0.081631
v -0.836217 3.756966 -0.117295
v -0.819729 3.679830 -0.117294
v -0.816719 3.680202 -0.082891
v -0.831384 3.831455 -0.130447
v -0.843153 3.846869 -0.182874
v -0.844584 3.780943 -0.177789
v -0.841190 3.780321 -0.141629
v -0.889829 3.857829 -0.179450
v -0.888313 3.778068 -0.137581
v -0.890742 3.779011 -0.174035
v -0.849679 3.637963 -0.055930
v -0.846669 3.638334 -0.021528
v -0.820929 3.583085 -0.028240
v -0.823061 3.582822 -0.052606
v -0.831912 3.711941 -0.142330
v -0.834851 3.711579 -0.175920
v -0.825827 3.659135 -0.171769
v -0.823722 3.659395 -0.147701
v -0.792371 3.593499 -0.055407
v -0.790239 3.593762 -0.031041
v -0.811393 3.688388 0.002071
v -0.807403 3.689212 0.036481
v -0.860462 3.667242 -0.078924
v -0.863472 3.666870 -0.113327
v -0.875679 3.698980 -0.138625
v -0.878666 3.698611 -0.172765
v -0.847826 3.676731 0.040457
v -0.854051 3.675539 0.006037
v -0.854419 3.648716 -0.144999
v -0.856542 3.648454 -0.169267
v -0.825700 3.621250 0.034548
v -0.829320 3.620299 0.010083
v -0.807561 3.622134 -0.112678
v -0.805429 3.622398 -0.088312
v -0.836117 3.611719 -0.085512
v -0.838249 3.611456 -0.109878
v -0.799331 3.630762 0.007218
v -0.796577 3.631482 0.031643
v -0.804902 4.047810 0.045095
v -0.801935 3.977774 0.080402
v -0.755221 3.970236 0.064508
v -0.771813 4.047485 0.031853
v -0.762676 4.036654 0.003891
v -0.816921 3.904329 0.065954
v -0.789569 3.905959 0.111246
v -0.806398 3.867039 0.080407
v -0.769461 3.859917 0.069880
v -0.754143 3.901623 0.098670
v -0.767202 3.806386 0.086801
v -0.753071 3.825161 0.121452
v -0.784525 3.828697 0.132126
v -0.800131 3.811350 0.095047
v -0.768587 3.760499 0.100192
v -0.757748 3.767119 0.128762
v -0.779763 3.769081 0.136110
v -0.790850 3.763181 0.106850
v -0.172546 5.767288 0.168038
v -0.212855 5.845581 0.116233
v -0.324143 5.834796 0.105111
v -0.310911 5.746292 0.155042
v -0.320006 5.634917 0.207258
v -0.222709 5.634207 0.236388
v -0.501076 5.771048 -0.259825
v -0.463920 5.676292 -0.282830
v -0.231396 5.861934 -0.316887
v -0.215273 5.667490 -0.360977
v -0.302532 5.679139 -0.345722
v -0.305708 5.809224 -0.316983
v -0.374220 5.686632 -0.324188
v -0.396644 5.795400 -0.296157
v -0.450616 3.545161 -0.212563
v -0.230052 3.555440 -0.233849
v -0.590686 3.527826 0.081072
v -0.574712 3.519858 -0.090249
v -0.346707 2.092035 -0.106405
v -0.203827 2.085261 -0.117758
v -0.198167 1.853918 -0.122857
v -0.333385 1.846028 -0.112403
v -0.103282 1.836342 -0.049422
v -0.109903 2.085747 -0.047647
v -0.091440 2.089581 0.104883
v -0.098129 1.825753 0.099580
v -0.303429 0.236192 -0.009578
v -0.298239 0.245142 -0.097431
v -0.453389 5.626079 0.075821
v -0.454169 5.475343 -0.085781
v -0.460496 5.493589 -0.013911
v -0.444656 5.554163 0.071160
v -0.102013 0.312774 -0.089290
v -0.108758 0.466180 -0.084126
v -0.109564 0.460642 0.001546
v -0.104024 0.310679 0.002088
v -0.242851 0.464509 -0.142126
v -0.154159 0.465137 -0.135917
v -0.151373 0.317256 -0.146605
v -0.240581 0.314008 -0.151744
v -0.254340 -0.018350 0.168998
v -0.252361 0.021319 0.045866
v -0.157620 0.021458 0.055892
v -0.162921 -0.018303 0.176529
v -0.244500 0.091425 0.358038
v -0.181519 0.091836 0.363916
v -0.096796 5.626365 0.237473
v -0.474051 5.248791 0.091744
v -0.462411 5.373365 0.104680
v -0.437528 5.356655 -0.095284
v -0.433045 5.240780 -0.084965
v -0.082613 5.464817 -0.346123
v -0.087082 5.536814 -0.361821
v -0.103805 5.651824 -0.368562
v -0.101718 5.824764 -0.352057
v -0.052578 3.356433 0.085601
v -0.101040 3.351965 -0.097461
v -0.045809 3.571157 0.027665
v -0.084945 5.229617 -0.286786
v -0.080273 5.308036 -0.304058
v -0.075613 5.397994 -0.328258
v -0.571028 3.323980 0.098281
v -0.564982 3.323325 -0.088157
v -0.405149 1.830330 0.108774
v -0.424238 2.079582 0.119126
v -0.418230 2.076759 -0.033551
v -0.403207 1.837822 -0.044510
v -0.534431 2.944565 0.104619
v -0.533211 2.959226 -0.094636
v -0.481986 2.476428 0.100070
v -0.475758 2.466635 -0.060658
v -0.454026 5.091276 0.079712
v -0.420923 5.098623 -0.083832
v -0.422163 4.845950 0.065680
v -0.406247 4.864223 -0.069517
v -0.438390 4.574944 0.053412
v -0.427409 4.582955 -0.070819
v -0.064897 6.205344 -0.291977
v -0.070355 6.477051 -0.338560
v -0.075421 6.608478 -0.405237
v -0.060502 6.351700 -0.296036
v -0.100308 4.292527 -0.291142
v -0.080429 3.558897 -0.094310
v -0.068899 4.026920 -0.372194
v -0.063885 3.755516 -0.314480
v -0.122436 7.072480 -0.290195
v -0.169479 7.108869 -0.034425
v -0.238648 6.855957 -0.295519
v -0.243433 6.715625 -0.299968
v -0.314193 6.699353 -0.035951
v -0.311179 6.860571 -0.046026
v -0.266990 6.996546 -0.036990
v -0.211223 6.989565 -0.265720
v -0.263530 0.208755 0.087917
v -0.255323 0.135081 0.212094
v -0.168539 0.143742 0.227313
v -0.148834 0.210195 0.103766
v -0.103767 0.161811 0.075259
v -0.120583 0.121504 0.215385
v -0.094769 0.237287 0.002064
v -0.100136 0.245662 -0.097822
v -0.401727 5.347259 0.334738
v -0.404766 5.195592 0.327366
v -0.263336 5.163299 0.417759
v -0.263609 5.335936 0.419015
v -0.236076 5.513749 0.336157
v -0.367693 5.510319 0.284610
v -0.162707 6.853736 0.216266
v -0.157002 6.680105 0.257267
v -0.144831 7.034783 0.117118
v -0.737285 5.610990 -0.167549
v -0.739670 5.621529 0.037452
v -0.574873 5.518712 -0.212430
v -0.659608 5.554781 -0.212030
v -0.535664 4.250156 0.039814
v -0.511212 4.294474 -0.116916
v -0.399120 4.308038 -0.235649
v -0.247166 4.301518 -0.294014
v -0.274843 5.482537 -0.301892
v -0.283087 5.557808 -0.327529
v -0.198117 5.546133 -0.351226
v -0.197366 5.469498 -0.330472
v -0.080547 6.741953 -0.432649
v -0.086705 6.866665 -0.422955
v -0.082562 6.988708 -0.383148
v -0.087954 5.115568 -0.270837
v -0.106465 4.594037 -0.253591
v -0.088913 4.893015 -0.259330
v -0.296011 0.106915 0.192061
v -0.307162 0.146266 0.059333
v -0.154539 0.078868 -0.012044
v -0.249981 0.080228 -0.016979
v -0.393782 5.627304 0.147407
v -0.150229 0.248365 -0.157151
v -0.237791 0.248793 -0.164877
v -0.308115 0.171674 -0.018455
v -0.298399 0.186977 -0.103102
v -0.334756 5.112455 -0.176437
v -0.206700 5.116844 -0.243054
v -0.209618 5.307521 -0.275484
v -0.211678 5.229951 -0.257435
v -0.336638 5.237204 -0.193584
v -0.329010 5.316897 -0.213216
v -0.423319 4.241605 0.188598
v -0.276274 4.221785 0.250917
v -0.459526 3.551907 0.232219
v -0.203310 3.570627 0.246349
v -0.135449 6.488621 0.262901
v -0.104561 6.345345 0.211941
v -0.100298 0.194363 -0.104632
v -0.089992 0.185209 -0.008753
v -0.064664 3.615633 0.218254
v -0.043549 3.572898 0.134339
v -0.216937 6.419868 -0.043040
v -0.283122 6.549428 -0.038060
v -0.215535 6.581863 -0.275488
v -0.169198 6.461365 -0.227737
v -0.257659 6.520957 0.106148
v -0.202548 6.394337 0.067112
v -0.361326 5.910048 0.030921
v -0.274831 5.927880 0.030019
v -0.260391 5.937553 -0.254108
v -0.324802 5.904056 -0.248660
v -0.586762 5.877649 0.033779
v -0.554008 5.840857 -0.206967
v -0.470282 5.905965 0.026735
v -0.419868 5.878771 -0.233840
v -0.116777 5.017593 0.332042
v -0.499490 5.586257 -0.188208
v -0.130104 4.767518 0.300036
v -0.136260 4.505578 0.279383
v -0.270208 6.844279 0.098536
v -0.273172 6.697294 0.123439
v -0.533111 5.809801 0.083640
v -0.493766 5.732487 0.088934
v -0.687027 4.951885 0.003433
v -0.764475 4.960954 0.006928
v -0.777983 4.804523 0.002342
v -0.713824 4.793920 -0.003676
v -0.790218 4.204429 -0.003708
v -0.843166 4.209701 -0.015428
v -0.841708 4.112114 -0.000615
v -0.787204 4.097003 0.004072
v -0.739080 4.499517 -0.003282
v -0.808295 4.505739 0.006481
v -0.492242 5.562934 -0.119281
v -0.237473 5.026713 0.332767
v -0.348037 5.044534 0.276309
v -0.515832 5.603673 -0.010579
v -0.207650 5.396060 -0.302262
v -0.307564 5.406990 -0.254129
v -0.135090 4.220886 0.272867
v -0.437948 5.584126 -0.258893
v -0.427847 5.524813 -0.215302
v -0.131281 3.930871 0.281869
v -0.117648 3.722119 0.271204
v -0.080085 5.826653 0.132734
v -0.085418 5.745571 0.175681
v -0.347212 5.489867 -0.260685
v -0.353415 5.564325 -0.300383
v -0.418906 5.472652 -0.175566
v -0.248892 0.451858 0.051204
v -0.248543 0.318110 0.050985
v -0.146864 0.314109 0.051346
v -0.150122 0.456921 0.047535
v -0.124468 6.477985 -0.304374
v -0.158424 6.598191 -0.352979
v -0.238529 0.193330 -0.176496
v -0.153453 0.190264 -0.169781
v -0.070373 6.023829 0.030868
v -0.075928 5.915360 0.083430
v -0.148834 6.201165 -0.078035
v -0.142886 6.223083 -0.211825
v -0.109139 6.213854 -0.260268
v -0.705547 5.770405 0.033130
v -0.689811 5.737656 -0.182288
v -0.155296 3.357787 0.216291
v -0.433004 3.346385 0.239132
v -0.438657 3.329494 -0.215415
v -0.226626 3.339852 -0.211215
v -0.727928 4.194002 -0.074842
v -0.750251 4.195684 -0.024026
v -0.751900 4.096152 -0.027384
v -0.745465 4.098067 -0.080872
v -0.615628 5.694528 -0.225479
v -0.529323 5.633547 -0.225904
v -0.102553 5.947061 -0.330807
v -0.090142 6.038629 -0.313664
v -0.168266 6.730425 -0.382028
v -0.171774 6.862719 -0.370002
v -0.402880 5.744238 0.124806
v -0.418397 5.830854 0.094957
v -0.535424 5.509756 -0.000752
v -0.503465 5.492911 -0.088540
v -0.519097 5.512000 -0.174036
v -0.289165 0.451570 -0.106523
v -0.293712 0.308901 -0.098702
v -0.301428 0.315814 -0.022520
v -0.304636 0.445558 -0.018666
v -0.422090 1.441342 0.049315
v -0.429854 1.447851 -0.073196
v -0.392794 1.098373 0.020987
v -0.386750 1.106862 -0.107936
v -0.339557 0.778147 0.009116
v -0.328575 0.796105 -0.110461
v -0.811675 4.945812 -0.146770
v -0.834466 4.782626 -0.147830
v -0.842452 4.801069 -0.031051
v -0.819700 4.954772 -0.035310
v -0.866827 4.216575 -0.039358
v -0.858998 4.219645 -0.139468
v -0.872521 4.113425 -0.130181
v -0.865425 4.112407 -0.034589
v -0.862478 4.506816 -0.023824
v -0.860464 4.501677 -0.138977
v -0.063481 6.193574 -0.006765
v -0.117587 6.197618 -0.036886
v -0.318959 1.454498 -0.190150
v -0.165724 1.452900 -0.178036
v -0.290983 1.138054 -0.195519
v -0.157569 1.139631 -0.177469
v -0.253234 0.801734 -0.164220
v -0.162352 0.796966 -0.153787
v -0.343139 2.101681 0.211862
v -0.336777 1.840307 0.195440
v -0.170243 1.841879 0.194865
v -0.164162 2.097278 0.202963
v -0.748307 4.960921 -0.184144
v -0.673975 4.941303 -0.175408
v -0.699094 4.781417 -0.169866
v -0.766082 4.778186 -0.182254
v -0.621505 4.922987 -0.098330
v -0.639414 4.926816 -0.036121
v -0.658947 4.761654 -0.039243
v -0.646372 4.755426 -0.094148
v -0.662289 4.771967 -0.135719
v -0.633342 4.929193 -0.136395
v -0.829561 4.204499 -0.159113
v -0.763576 4.195025 -0.151925
v -0.790225 4.104322 -0.165021
v -0.849624 4.110541 -0.165844
v -0.799317 4.471590 -0.165391
v -0.724962 4.465206 -0.145914
v -0.682744 5.607928 0.063335
v -0.597229 5.572794 0.055276
v -0.546570 5.191038 -0.071265
v -0.588713 5.205002 0.004742
v -0.646343 5.237128 0.035891
v -0.712404 5.269764 0.036218
v -0.122986 5.322526 0.420189
v -0.128479 5.160343 0.414939
v -0.244493 4.790843 0.271235
v -0.349070 4.820276 0.201191
v -0.266934 4.511506 0.243963
v -0.374480 4.535657 0.173625
v -0.225377 4.596505 -0.229540
v -0.336023 4.605205 -0.175770
v -0.212999 4.893908 -0.230518
v -0.327922 4.873965 -0.167816
v -0.187709 6.054823 -0.056431
v -0.179537 6.070938 -0.233103
v -0.218409 5.997067 -0.241039
v -0.210984 5.988183 -0.008142
v -0.162721 5.964948 -0.300650
v -0.140202 6.043862 -0.286202
v -0.095317 0.774017 0.001137
v -0.104588 0.778154 -0.095103
v -0.092367 1.090710 0.020458
v -0.091758 1.109920 -0.094311
v -0.099410 1.424722 0.050910
v -0.086295 1.433161 -0.066040
v -0.066799 6.309387 0.039074
v -0.161412 6.329839 -0.059240
v -0.149308 6.360171 -0.203419
v -0.101188 5.513247 0.315999
v -0.759800 4.098937 -0.128311
v -0.736425 4.193077 -0.122073
v -0.584202 5.673127 0.066309
v -0.641185 5.735965 0.072588
v -0.141374 6.033782 0.001202
v -0.163092 5.946580 0.052449
v -0.159466 3.000770 0.213760
v -0.400616 2.971874 0.231899
v -0.164284 2.513520 0.199509
v -0.371146 2.506621 0.218885
v -0.178058 1.449573 0.138002
v -0.304976 1.444490 0.154488
v -0.172985 1.117787 0.112065
v -0.292116 1.114284 0.122530
v -0.166475 0.781119 0.083848
v -0.268476 0.776654 0.083767
v -0.593709 3.954503 0.043948
v -0.584588 3.947007 -0.147393
v -0.600641 3.771891 0.059932
v -0.582553 3.741347 -0.128951
v -0.083415 2.539879 0.070268
v -0.095411 2.543966 -0.046493
v -0.075574 3.014652 0.089400
v -0.101112 3.015811 -0.087473
v -0.781453 5.252002 -0.006438
v -0.777607 5.251897 -0.153108
v -0.704889 5.231173 -0.192892
v -0.624336 5.218408 -0.189076
v -0.276671 3.937843 0.270441
v -0.469534 3.960410 0.202896
v -0.253669 3.724803 0.268383
v -0.472163 3.761082 0.218421
v -0.418536 2.965775 -0.217224
v -0.217598 2.990438 -0.209488
v -0.387997 2.506764 -0.162494
v -0.192755 2.510535 -0.157886
v -0.685314 4.473215 -0.083592
v -0.699583 4.478252 -0.036455
v -0.476110 3.994948 -0.294100
v -0.272558 4.020522 -0.372134
v -0.494037 3.763971 -0.247781
v -0.245225 3.747057 -0.334765
v -0.103235 0.095220 0.068398
v -0.106128 0.066579 0.197410
v -0.298259 0.080306 0.277435
v -0.256604 0.030876 0.366710
v -0.136789 0.087790 0.322394
v -0.172753 0.041001 0.375013
v -0.298414 0.133171 -0.026780
v -0.308035 0.099624 0.051362
v -0.122433 0.011022 0.180868
v -0.313078 0.053823 0.182631
v -0.379303 5.429554 -0.202794
v -0.423896 5.503172 0.173736
v -0.174671 6.943138 -0.339730
v -0.243708 6.975862 0.060981
v -0.133498 6.318469 -0.007324
v -0.108822 6.354708 -0.262270
v -0.573039 5.202022 -0.155595
v -0.701678 4.469715 -0.125387
v -0.098749 0.141463 -0.016089
v -0.307120 0.039465 0.279181
v -0.129326 0.051336 0.329406
v -0.122381 0.056102 0.058143
v -0.119040 0.072974 -0.010500
v -0.283471 0.049276 0.042858
v -0.292943 0.010794 0.163215
v -0.283202 0.095521 -0.014905
v -0.183238 -0.018044 0.321077
v -0.250706 -0.016939 0.315085
v -0.144522 7.104982 -0.164337
v -0.288112 6.858711 -0.177291
v -0.299289 6.701567 -0.170435
v -0.242545 7.009849 -0.160844
v -0.763731 5.640129 -0.057210
v -0.187506 6.448350 -0.145018
v -0.254013 6.573010 -0.162079
v -0.380228 5.948304 -0.125665
v -0.306560 5.970057 -0.125650
v -0.592467 5.888793 -0.088710
v -0.473115 5.932329 -0.113843
v -0.161814 6.207802 -0.143248
v -0.715811 5.793274 -0.067125
v -0.831778 4.949603 -0.097416
v -0.862102 4.788278 -0.088370
v -0.876263 4.115520 -0.080721
v -0.877015 4.214852 -0.089709
v -0.885339 4.508479 -0.083553
v -0.249149 6.013532 -0.129913
v -0.208177 6.065907 -0.143545
v -0.166547 6.340812 -0.130476
v -0.799576 5.246872 -0.074645
v -0.293402 0.004549 0.263910
v -0.134378 0.013069 0.310143
v -0.262628 -0.008074 -0.060611
v -0.286390 -0.008074 -0.112895
v -0.112308 -0.008074 -0.114240
v -0.135478 -0.008074 -0.054955
v -0.238529 -0.008074 -0.186196
v -0.153453 -0.008074 -0.179482
v -0.152878 0.133709 -0.173872
v -0.103053 0.137711 -0.107853
v -0.295676 0.130530 -0.106365
v -0.239049 0.136815 -0.180673
v 0.000000 5.624367 0.234178
v 0.000000 5.541153 -0.362180
v 0.000000 5.466860 -0.347753
v 0.000000 5.802873 -0.360756
v 0.000000 5.652592 -0.368639
v 0.000000 3.617795 0.022809
v 0.000000 5.311562 -0.309070
v 0.000000 5.229248 -0.292028
v 0.000000 5.399412 -0.331285
v 0.000000 6.195342 -0.309970
v 0.000000 6.616367 -0.420018
v 0.000000 6.486079 -0.358109
v 0.000000 6.356328 -0.309586
v 0.000000 4.289160 -0.289817
v 0.000000 3.668041 -0.127929
v 0.000000 4.014200 -0.342247
v 0.000000 3.766400 -0.271937
v 0.000000 7.153018 -0.009149
v 0.000000 7.104989 -0.302549
v 0.000000 6.664846 0.302433
v 0.000000 6.866145 0.251447
v 0.000000 7.053182 0.138006
v 0.000000 6.876295 -0.437039
v 0.000000 6.749520 -0.448459
v 0.000000 7.010262 -0.387587
v 0.000000 5.116685 -0.276330
v -0.000000 4.595730 -0.258661
v -0.000000 4.894938 -0.260559
v 0.000000 6.310969 0.253906
v 0.000000 6.486213 0.304656
v 0.000000 3.629500 0.209507
v 0.000000 3.606748 0.119394
v 0.000000 5.023390 0.325594
v -0.000000 4.766386 0.308860
v -0.000000 4.491158 0.287912
v -0.000000 4.220641 0.277988
v 0.000000 3.926033 0.285732
v 0.000000 3.729673 0.274354
v 0.000000 5.741640 0.175507
v 0.000000 5.829921 0.129597
v 0.000000 5.911634 0.087069
v 0.000000 6.024020 0.036129
v 0.000000 6.047824 -0.327592
v 0.000000 5.932209 -0.346510
v 0.000000 6.189347 0.002216
v 0.000000 5.160531 0.349606
v 0.000000 5.320843 0.355237
v 0.000000 6.307712 0.050902
v 0.000000 5.506044 0.294090
v 0.000000 7.157774 -0.173611
vt 0.574941 0.710193
vt 0.573367 0.707821
vt 0.575393 0.707147
vt 0.576166 0.708768
vt 0.556080 0.818115
vt 0.558729 0.818623
vt 0.558339 0.820419
vt 0.555525 0.820062
vt 0.578245 0.710482
vt 0.578220 0.709096
vt 0.570820 0.707822
vt 0.569539 0.710501
vt 0.567658 0.707922
vt 0.568483 0.706831
vt 0.554689 0.813949
vt 0.553746 0.815737
vt 0.551440 0.814882
vt 0.551739 0.813748
vt 0.557144 0.814418
vt 0.559548 0.814799
vt 0.559112 0.816805
vt 0.556530 0.816261
vt 0.576328 0.715036
vt 0.575237 0.712808
vt 0.578423 0.712115
vt 0.578815 0.713930
vt 0.553359 0.817654
vt 0.553301 0.819342
vt 0.550946 0.818979
vt 0.551107 0.817802
vt 0.577675 0.716617
vt 0.579390 0.715454
vt 0.557700 0.812607
vt 0.559838 0.813147
vt 0.565621 0.712829
vt 0.565878 0.713870
vt 0.563919 0.714046
vt 0.563797 0.713408
vt 0.550231 0.816661
vt 0.550444 0.815502
vt 0.570435 0.714318
vt 0.568774 0.717706
vt 0.569594 0.718538
vt 0.568044 0.719774
vt 0.567564 0.719297
vt 0.573317 0.717384
vt 0.576155 0.718131
vt 0.575411 0.720281
vt 0.574163 0.720259
vt 0.555547 0.812287
vt 0.552681 0.813073
vt 0.552984 0.811914
vt 0.547439 0.814971
vt 0.547236 0.816085
vt 0.545294 0.815562
vt 0.545439 0.814773
vt 0.574624 0.722230
vt 0.575327 0.722150
vt 0.575220 0.722975
vt 0.574928 0.722983
vt 0.563275 0.713970
vt 0.563225 0.713756
vt 0.566155 0.706136
vt 0.566686 0.705547
vt 0.548618 0.814275
vt 0.548849 0.813168
vt 0.550126 0.812468
vt 0.550374 0.811372
vt 0.548151 0.818638
vt 0.548291 0.817497
vt 0.548413 0.811911
vt 0.548589 0.811132
vt 0.546213 0.818276
vt 0.546299 0.817467
vt 0.567434 0.720082
vt 0.567270 0.719927
vt 0.546703 0.813709
vt 0.546866 0.812924
vt 0.565616 0.705331
vt 0.565853 0.705115
vt 0.562580 0.820036
vt 0.560323 0.821789
vt 0.557826 0.822413
vt 0.562784 0.818697
vt 0.581898 0.710122
vt 0.582222 0.711496
vt 0.563708 0.814234
vt 0.563451 0.815596
vt 0.582425 0.712790
vt 0.563180 0.817194
vt 0.582715 0.714015
vt 0.578424 0.707425
vt 0.580528 0.708466
vt 0.580227 0.709299
vt 0.581983 0.708969
vt 0.555478 0.821537
vt 0.555374 0.823271
vt 0.554205 0.822008
vt 0.575561 0.705459
vt 0.577121 0.705744
vt 0.575384 0.704010
vt 0.576311 0.703950
vt 0.552781 0.823727
vt 0.552336 0.822359
vt 0.575455 0.703260
vt 0.575785 0.703213
vt 0.550813 0.823727
vt 0.550713 0.822686
vt 0.580941 0.707636
vt 0.583128 0.708066
vt 0.579365 0.706484
vt 0.577940 0.705209
vt 0.576938 0.703573
vt 0.575929 0.702655
vt 0.575067 0.702958
vt 0.574663 0.704025
vt 0.574490 0.705392
vt 0.573874 0.706113
vt 0.572819 0.705763
vt 0.571008 0.706113
vt 0.569104 0.705629
vt 0.567041 0.704502
vt 0.565512 0.704563
vt 0.565046 0.705093
vt 0.565127 0.706573
vt 0.566264 0.708485
vt 0.565986 0.709768
vt 0.565012 0.711785
vt 0.563355 0.712708
vt 0.562536 0.713633
vt 0.562775 0.714361
vt 0.563819 0.714824
vt 0.565710 0.715026
vt 0.567058 0.716267
vt 0.567513 0.717348
vt 0.566779 0.719003
vt 0.566634 0.720209
vt 0.567227 0.720682
vt 0.568342 0.720510
vt 0.569949 0.719776
vt 0.571779 0.720340
vt 0.572915 0.720982
vt 0.573748 0.722886
vt 0.574840 0.723582
vt 0.575446 0.723496
vt 0.576321 0.722589
vt 0.576686 0.720572
vt 0.577501 0.718791
vt 0.578694 0.717540
vt 0.580108 0.716542
vt 0.583128 0.715486
vt 0.857571 0.729585
vt 0.858165 0.741934
vt 0.845509 0.740978
vt 0.840862 0.730316
vt 0.845403 0.713696
vt 0.844637 0.697421
vt 0.858468 0.697805
vt 0.857600 0.714540
vt 0.821319 0.800244
vt 0.821905 0.814845
vt 0.812962 0.815931
vt 0.813387 0.795065
vt 0.843356 0.802123
vt 0.841217 0.814247
vt 0.829743 0.813730
vt 0.831041 0.801215
vt 0.503331 0.808033
vt 0.503468 0.796288
vt 0.523600 0.795712
vt 0.524784 0.808073
vt 0.501769 0.665637
vt 0.523168 0.667401
vt 0.521767 0.679940
vt 0.501166 0.677927
vt 0.502029 0.786015
vt 0.522963 0.785843
vt 0.510604 0.123354
vt 0.513125 0.130747
vt 0.503522 0.129589
vt 0.507073 0.123571
vt 0.503298 0.117298
vt 0.505839 0.118425
vt 0.505606 0.120827
vt 0.501946 0.122008
vt 0.868593 0.560097
vt 0.867116 0.593635
vt 0.852088 0.591602
vt 0.851223 0.558995
vt 0.904612 0.567230
vt 0.896907 0.599141
vt 0.882990 0.597604
vt 0.888554 0.560334
vt 0.459525 0.609852
vt 0.481567 0.610638
vt 0.481384 0.623278
vt 0.459279 0.622951
vt 0.460046 0.866447
vt 0.459967 0.853547
vt 0.481826 0.852690
vt 0.482342 0.865962
vt 0.459279 0.842517
vt 0.481688 0.842517
vt 0.518860 0.382922
vt 0.516015 0.373591
vt 0.523348 0.371237
vt 0.525155 0.380814
vt 0.522424 0.392524
vt 0.526971 0.391090
vt 0.529309 0.396567
vt 0.521587 0.399061
vt 0.820809 0.713199
vt 0.820809 0.699427
vt 0.831324 0.699070
vt 0.831324 0.713171
vt 0.902785 0.671819
vt 0.904712 0.684199
vt 0.882271 0.686732
vt 0.883392 0.673940
vt 0.905895 0.697107
vt 0.897433 0.701022
vt 0.791667 0.838488
vt 0.791669 0.830078
vt 0.800835 0.830478
vt 0.800650 0.838647
vt 0.791673 0.817952
vt 0.791677 0.802136
vt 0.801108 0.799682
vt 0.801812 0.817939
vt 0.167999 0.064689
vt 0.167999 0.051674
vt 0.176368 0.055216
vt 0.173819 0.065223
vt 0.190234 0.054135
vt 0.191300 0.065947
vt 0.791659 0.866355
vt 0.791661 0.856657
vt 0.800784 0.857134
vt 0.801376 0.866394
vt 0.791664 0.846296
vt 0.800098 0.846483
vt 0.502523 0.621083
vt 0.522404 0.620292
vt 0.523705 0.632866
vt 0.503008 0.633838
vt 0.493594 0.596247
vt 0.494519 0.609256
vt 0.468004 0.611393
vt 0.468064 0.597447
vt 0.595591 0.609815
vt 0.595520 0.626340
vt 0.556647 0.628833
vt 0.554797 0.615604
vt 0.901603 0.656320
vt 0.883237 0.656959
vt 0.882033 0.629018
vt 0.897546 0.630206
vt 0.537641 0.660246
vt 0.556036 0.660064
vt 0.553718 0.669051
vt 0.536021 0.669571
vt 0.496830 0.666411
vt 0.498435 0.656789
vt 0.519527 0.661068
vt 0.518034 0.669369
vt 0.188694 0.252534
vt 0.195804 0.252165
vt 0.194026 0.271403
vt 0.188694 0.272422
vt 0.194342 0.291107
vt 0.188694 0.292415
vt 0.195900 0.312269
vt 0.188694 0.305627
vt 0.604658 0.712530
vt 0.598104 0.730856
vt 0.583689 0.720131
vt 0.588896 0.710492
vt 0.567279 0.703726
vt 0.555515 0.701457
vt 0.559413 0.690578
vt 0.570407 0.694326
vt 0.573844 0.716024
vt 0.578143 0.708126
vt 0.564687 0.712879
vt 0.511915 0.144105
vt 0.503115 0.143364
vt 0.526675 0.130764
vt 0.523547 0.145119
vt 0.517270 0.144061
vt 0.519759 0.129328
vt 0.511362 0.118624
vt 0.513666 0.116865
vt 0.515372 0.122050
vt 0.511720 0.121466
vt 0.845600 0.680195
vt 0.845554 0.666386
vt 0.859689 0.669249
vt 0.858958 0.682249
vt 0.562445 0.743369
vt 0.549473 0.743361
vt 0.550548 0.733682
vt 0.561440 0.732542
vt 0.581477 0.743381
vt 0.575965 0.730618
vt 0.813249 0.838288
vt 0.812385 0.829353
vt 0.821773 0.828630
vt 0.822406 0.837751
vt 0.572428 0.663951
vt 0.585620 0.671528
vt 0.579261 0.678807
vt 0.568179 0.672382
vt 0.596834 0.683433
vt 0.588713 0.687037
vt 0.603320 0.696319
vt 0.590504 0.698989
vt 0.791627 0.973415
vt 0.791637 0.939253
vt 0.803700 0.939484
vt 0.802488 0.973117
vt 0.791647 0.905193
vt 0.801745 0.905436
vt 0.791655 0.879518
vt 0.801746 0.879724
vt 0.492098 0.144374
vt 0.491246 0.129292
vt 0.496079 0.128757
vt 0.497845 0.142869
vt 0.512973 0.365566
vt 0.522903 0.363197
vt 0.885624 0.709000
vt 0.884672 0.719004
vt 0.870599 0.716145
vt 0.872373 0.700210
vt 0.507244 0.116843
vt 0.506575 0.114264
vt 0.510679 0.114462
vt 0.509740 0.116954
vt 0.831541 0.858715
vt 0.832250 0.867602
vt 0.816243 0.866880
vt 0.815806 0.857691
vt 0.831722 0.881497
vt 0.815637 0.879981
vt 0.539293 0.743356
vt 0.529801 0.743351
vt 0.529730 0.736485
vt 0.539191 0.735115
vt 0.175296 0.086288
vt 0.167999 0.086136
vt 0.167999 0.075045
vt 0.174340 0.075948
vt 0.528884 0.697967
vt 0.544064 0.699275
vt 0.541666 0.710434
vt 0.527341 0.710493
vt 0.539921 0.721886
vt 0.527863 0.722192
vt 0.860843 0.772669
vt 0.852782 0.772240
vt 0.851080 0.754744
vt 0.860680 0.754837
vt 0.872104 0.756756
vt 0.870629 0.772226
vt 0.884161 0.757445
vt 0.883789 0.770434
vt 0.820809 0.589929
vt 0.820809 0.559552
vt 0.835617 0.559449
vt 0.836456 0.591414
vt 0.833159 0.649465
vt 0.820809 0.649858
vt 0.820809 0.621413
vt 0.835667 0.621620
vt 0.553501 0.711455
vt 0.561817 0.722399
vt 0.552144 0.722657
vt 0.851582 0.855134
vt 0.851655 0.857325
vt 0.846358 0.857976
vt 0.846112 0.855316
vt 0.562352 0.751836
vt 0.562175 0.753657
vt 0.558955 0.754403
vt 0.558810 0.752540
vt 0.861290 0.854152
vt 0.861495 0.856415
vt 0.871310 0.854102
vt 0.871455 0.855966
vt 0.856250 0.818593
vt 0.873055 0.822384
vt 0.869633 0.830108
vt 0.857287 0.827978
vt 0.815162 0.847161
vt 0.828082 0.847581
vt 0.818203 0.972611
vt 0.817428 0.939218
vt 0.831236 0.938011
vt 0.835454 0.971615
vt 0.526200 0.369685
vt 0.528541 0.379337
vt 0.869802 0.840427
vt 0.858105 0.837132
vt 0.229730 0.100753
vt 0.219490 0.097847
vt 0.222625 0.085669
vt 0.233471 0.089302
vt 0.176738 0.134972
vt 0.167999 0.134642
vt 0.167999 0.114356
vt 0.177539 0.115137
vt 0.167999 0.098437
vt 0.178257 0.098519
vt 0.820809 0.737982
vt 0.820809 0.727212
vt 0.830724 0.727643
vt 0.830350 0.737634
vt 0.523600 0.816758
vt 0.503413 0.816398
vt 0.841969 0.826401
vt 0.843797 0.835206
vt 0.832037 0.837977
vt 0.830337 0.828176
vt 0.481595 0.601434
vt 0.460499 0.600498
vt 0.461759 0.586158
vt 0.481329 0.586423
vt 0.546879 0.688250
vt 0.531549 0.688043
vt 0.535322 0.677548
vt 0.550521 0.679182
vt 0.515144 0.383882
vt 0.511855 0.373596
vt 0.455287 0.743326
vt 0.436132 0.743325
vt 0.436484 0.731973
vt 0.455003 0.730943
vt 0.424112 0.743324
vt 0.423025 0.732522
vt 0.898306 0.757378
vt 0.898608 0.768377
vt 0.913112 0.753956
vt 0.913694 0.765095
vt 0.209218 0.305638
vt 0.225892 0.303069
vt 0.227771 0.318645
vt 0.213208 0.320914
vt 0.561775 0.748582
vt 0.562078 0.750323
vt 0.558825 0.750988
vt 0.558622 0.749147
vt 0.860213 0.805391
vt 0.875729 0.811883
vt 0.468107 0.640033
vt 0.480668 0.648415
vt 0.473813 0.657814
vt 0.462760 0.651428
vt 0.449902 0.641377
vt 0.454570 0.630130
vt 0.514648 0.154433
vt 0.510229 0.156790
vt 0.498955 0.151418
vt 0.505338 0.156345
vt 0.849720 0.858489
vt 0.847926 0.870102
vt 0.563628 0.681477
vt 0.574363 0.686854
vt 0.869707 0.731994
vt 0.868984 0.743839
vt 0.882813 0.735111
vt 0.882384 0.746427
vt 0.480174 0.573042
vt 0.461256 0.573371
vt 0.459624 0.562601
vt 0.479733 0.560002
vt 0.470651 0.631768
vt 0.470087 0.621655
vt 0.442512 0.632970
vt 0.441651 0.622412
vt 0.415888 0.636258
vt 0.415811 0.626106
vt 0.387433 0.637532
vt 0.387181 0.630064
vt 0.833886 0.883963
vt 0.838782 0.885925
vt 0.837898 0.887826
vt 0.833149 0.885522
vt 0.545156 0.794737
vt 0.544514 0.796177
vt 0.541252 0.795010
vt 0.542206 0.793584
vt 0.852937 0.861599
vt 0.852253 0.859666
vt 0.861824 0.858409
vt 0.862107 0.860488
vt 0.871394 0.857130
vt 0.871712 0.858816
vt 0.470320 0.807491
vt 0.469697 0.795330
vt 0.445215 0.806516
vt 0.444767 0.795664
vt 0.417383 0.804839
vt 0.416590 0.797226
vt 0.388675 0.805276
vt 0.388379 0.797676
vt 0.524499 0.657507
vt 0.504041 0.656198
vt 0.504343 0.642793
vt 0.525596 0.643000
vt 0.836710 0.889952
vt 0.835478 0.891741
vt 0.830694 0.889660
vt 0.831458 0.887273
vt 0.852370 0.850932
vt 0.852300 0.852809
vt 0.846689 0.853106
vt 0.846762 0.850929
vt 0.834983 0.893293
vt 0.830171 0.891454
vt 0.834866 0.894811
vt 0.829855 0.892714
vt 0.544026 0.797419
vt 0.543178 0.799083
vt 0.540233 0.798276
vt 0.541118 0.796264
vt 0.845624 0.894215
vt 0.844542 0.896459
vt 0.853618 0.897826
vt 0.852733 0.899838
vt 0.480781 0.874662
vt 0.460092 0.877435
vt 0.906174 0.649377
vt 0.908673 0.640583
vt 0.937184 0.643104
vt 0.936204 0.651235
vt 0.837114 0.853746
vt 0.837458 0.850891
vt 0.899842 0.668249
vt 0.900637 0.658784
vt 0.934079 0.657734
vt 0.932286 0.664515
vt 0.835738 0.858411
vt 0.836368 0.856029
vt 0.820809 0.679842
vt 0.820809 0.664057
vt 0.834147 0.665289
vt 0.833801 0.679186
vt 0.846617 0.939134
vt 0.852932 0.970962
vt 0.817017 0.785069
vt 0.823922 0.787935
vt 0.207083 0.094716
vt 0.189205 0.088326
vt 0.196349 0.074320
vt 0.211007 0.082354
vt 0.486976 0.731076
vt 0.485976 0.743333
vt 0.859075 0.652999
vt 0.845859 0.651178
vt 0.849285 0.624272
vt 0.864063 0.627160
vt 0.816129 0.905510
vt 0.830650 0.907986
vt 0.454367 0.688459
vt 0.458754 0.671837
vt 0.470427 0.676123
vt 0.464869 0.690365
vt 0.460355 0.659699
vt 0.470793 0.665157
vt 0.388126 0.666300
vt 0.388231 0.659062
vt 0.414506 0.662288
vt 0.413832 0.670303
vt 0.440638 0.664125
vt 0.441043 0.673709
vt 0.468446 0.664886
vt 0.467858 0.674685
vt 0.508206 0.743341
vt 0.508958 0.733380
vt 0.512518 0.711221
vt 0.513574 0.699777
vt 0.488873 0.709054
vt 0.490785 0.696605
vt 0.542540 0.800453
vt 0.539629 0.799427
vt 0.541853 0.801873
vt 0.538944 0.800800
vt 0.847075 0.860234
vt 0.899712 0.737243
vt 0.897061 0.747927
vt 0.913166 0.735439
vt 0.912222 0.746681
vt 0.447456 0.707065
vt 0.460643 0.705236
vt 0.456388 0.717685
vt 0.440351 0.718021
vt 0.496093 0.623042
vt 0.496093 0.642550
vt 0.471169 0.641229
vt 0.469855 0.624280
vt 0.597713 0.641611
vt 0.599270 0.661693
vt 0.558712 0.659733
vt 0.559022 0.642366
vt 0.471565 0.655373
vt 0.471583 0.644659
vt 0.443951 0.654392
vt 0.444274 0.644611
vt 0.416040 0.653360
vt 0.416094 0.644868
vt 0.388247 0.653791
vt 0.388095 0.645194
vt 0.215767 0.147664
vt 0.207370 0.141575
vt 0.213367 0.123700
vt 0.224801 0.127116
vt 0.215953 0.112623
vt 0.227732 0.114518
vt 0.434986 0.703192
vt 0.445152 0.685637
vt 0.560075 0.672589
vt 0.559675 0.682327
vt 0.599688 0.674202
vt 0.598443 0.689019
vt 0.470471 0.664292
vt 0.471521 0.651787
vt 0.495440 0.654121
vt 0.493823 0.667282
vt 0.901082 0.683753
vt 0.900591 0.674374
vt 0.935746 0.671687
vt 0.937586 0.678123
vt 0.837599 0.863190
vt 0.836953 0.860930
vt 0.847554 0.862309
vt 0.913296 0.706168
vt 0.902927 0.718031
vt 0.866865 0.731988
vt 0.869116 0.723147
vt 0.896897 0.736471
vt 0.893868 0.743391
vt 0.822244 0.886115
vt 0.823308 0.883685
vt 0.195926 0.138505
vt 0.185957 0.135830
vt 0.187751 0.116875
vt 0.200930 0.120860
vt 0.188926 0.101257
vt 0.203656 0.108081
vt 0.922711 0.713821
vt 0.919742 0.724266
vt 0.495037 0.750719
vt 0.495145 0.765606
vt 0.470096 0.765338
vt 0.471021 0.751622
vt 0.599095 0.792496
vt 0.597999 0.808748
vt 0.560442 0.808870
vt 0.559658 0.792769
vt 0.861750 0.850748
vt 0.861725 0.852380
vt 0.871122 0.850710
vt 0.871325 0.852551
vt 0.562308 0.754992
vt 0.558894 0.755568
vt 0.206046 0.251611
vt 0.217312 0.250374
vt 0.221547 0.271837
vt 0.207493 0.271047
vt 0.225557 0.286809
vt 0.207468 0.289720
vt 0.502370 0.161256
vt 0.495712 0.153777
vt 0.526654 0.363285
vt 0.510080 0.368060
vt 0.507615 0.374570
vt 0.504060 0.365484
vt 0.517031 0.157598
vt 0.387781 0.810259
vt 0.416868 0.812542
vt 0.442680 0.817042
vt 0.470846 0.820612
vt 0.468276 0.784075
vt 0.441766 0.787211
vt 0.414470 0.790528
vt 0.388300 0.791851
vt 0.495059 0.778106
vt 0.469619 0.776925
vt 0.597433 0.822477
vt 0.556629 0.819768
vt 0.495145 0.738903
vt 0.471772 0.739896
vt 0.599985 0.778602
vt 0.560911 0.780202
vt 0.238669 0.303328
vt 0.240394 0.317162
vt 0.228807 0.249607
vt 0.234001 0.273648
vt 0.235804 0.287876
vt 0.844174 0.909216
vt 0.845092 0.884379
vt 0.844920 0.843221
vt 0.838491 0.846690
vt 0.854996 0.847621
vt 0.423582 0.715069
vt 0.848327 0.791975
vt 0.864397 0.795411
vt 0.877121 0.800542
vt 0.833851 0.790091
vt 0.449360 0.668570
vt 0.444396 0.656667
vt 0.495838 0.674739
vt 0.495131 0.684478
vt 0.579864 0.691949
vt 0.580158 0.699792
vt 0.571128 0.722525
vt 0.488102 0.719023
vt 0.510859 0.720664
vt 0.517376 0.677814
vt 0.517051 0.688395
vt 0.824221 0.881067
vt 0.899498 0.729019
vt 0.870289 0.713598
vt 0.853752 0.896572
vt 0.845917 0.891885
vt 0.864127 0.747179
vt 0.863984 0.738492
vt 0.892458 0.749048
vt 0.890496 0.756959
vt 0.821060 0.890881
vt 0.821749 0.888102
vt 0.852129 0.900990
vt 0.843932 0.897269
vt 0.851444 0.902363
vt 0.843205 0.898523
vt 0.202516 0.324362
vt 0.511245 0.161705
vt 0.493437 0.120300
vt 0.497320 0.121432
vt 0.519117 0.121319
vt 0.523542 0.120282
vt 0.510492 0.386140
vt 0.529297 0.360931
vt 0.530614 0.368023
vt 0.532876 0.379466
vt 0.500067 0.115132
vt 0.505590 0.111160
vt 0.511447 0.110773
vt 0.516118 0.114658
vt 0.518208 0.393088
vt 0.516348 0.396180
vt 0.533219 0.388173
vt 0.529927 0.386969
vt 0.825692 0.878882
vt 0.873847 0.703816
vt 0.903685 0.722796
vt 0.846722 0.890095
vt 0.854706 0.895147
vt 0.562399 0.756544
vt 0.559212 0.757253
vt 0.868181 0.782602
vt 0.881347 0.788924
vt 0.854339 0.779221
vt 0.841649 0.777473
vt 0.832430 0.775986
vt 0.825203 0.773155
vt 0.503103 0.353607
vt 0.509337 0.343680
vt 0.515771 0.354336
vt 0.514812 0.356049
vt 0.515131 0.357968
vt 0.528296 0.352588
vt 0.519241 0.357603
vt 0.519301 0.355676
vt 0.521547 0.343680
vt 0.517600 0.354082
vt 0.503771 0.105988
vt 0.512838 0.105987
vt 0.496048 0.112142
vt 0.519949 0.111045
vt 0.574324 0.838150
vt 0.575931 0.839124
vt 0.575701 0.840905
vt 0.573566 0.840894
vt 0.573685 0.754512
vt 0.573678 0.752487
vt 0.576483 0.752905
vt 0.576373 0.754739
vt 0.577374 0.836848
vt 0.577781 0.838173
vt 0.571145 0.841686
vt 0.569232 0.843354
vt 0.568108 0.842574
vt 0.569095 0.839538
vt 0.571219 0.758146
vt 0.568324 0.757542
vt 0.568343 0.756369
vt 0.570795 0.756170
vt 0.573709 0.758358
vt 0.573617 0.756418
vt 0.576250 0.756593
vt 0.576127 0.758642
vt 0.574136 0.833116
vt 0.576843 0.833394
vt 0.577036 0.835241
vt 0.573792 0.835573
vt 0.570941 0.754219
vt 0.568813 0.753467
vt 0.568976 0.752291
vt 0.571341 0.752578
vt 0.574924 0.831194
vt 0.576916 0.831767
vt 0.573755 0.760252
vt 0.575958 0.760311
vt 0.564646 0.838544
vt 0.562732 0.838561
vt 0.562650 0.837917
vt 0.564567 0.837475
vt 0.567552 0.755502
vt 0.567661 0.754329
vt 0.568759 0.835631
vt 0.566126 0.832928
vt 0.564481 0.831792
vt 0.564789 0.831190
vt 0.566646 0.831882
vt 0.570543 0.831821
vt 0.570454 0.828825
vt 0.571633 0.828417
vt 0.573008 0.830229
vt 0.571595 0.759978
vt 0.569027 0.759644
vt 0.569049 0.758446
vt 0.564516 0.755201
vt 0.562536 0.754850
vt 0.562611 0.754052
vt 0.564621 0.754073
vt 0.570279 0.826809
vt 0.570334 0.825999
vt 0.570613 0.825916
vt 0.570972 0.826666
vt 0.562081 0.838408
vt 0.562062 0.838189
vt 0.567923 0.845133
vt 0.567236 0.844739
vt 0.565385 0.757318
vt 0.565463 0.756190
vt 0.566367 0.759459
vt 0.566425 0.758337
vt 0.566020 0.752999
vt 0.566193 0.751863
vt 0.564584 0.759208
vt 0.564625 0.758410
vt 0.564093 0.752489
vt 0.564229 0.751687
vt 0.564006 0.831285
vt 0.564113 0.831087
vt 0.563411 0.757016
vt 0.563466 0.756217
vt 0.567266 0.845803
vt 0.566974 0.845672
vt 0.576528 0.750846
vt 0.578764 0.752123
vt 0.580462 0.754421
vt 0.580296 0.755765
vt 0.580839 0.834647
vt 0.580958 0.836054
vt 0.580100 0.758931
vt 0.579979 0.760311
vt 0.580629 0.833354
vt 0.580271 0.757319
vt 0.580523 0.832100
vt 0.578495 0.839697
vt 0.579626 0.837356
vt 0.580171 0.838054
vt 0.581397 0.837124
vt 0.574031 0.751055
vt 0.572933 0.750257
vt 0.574400 0.749357
vt 0.577780 0.841701
vt 0.576386 0.842456
vt 0.577568 0.843657
vt 0.576668 0.843889
vt 0.571229 0.749413
vt 0.572027 0.748217
vt 0.577297 0.844522
vt 0.576969 0.844580
vt 0.569755 0.748659
vt 0.570133 0.747684
vt 0.580822 0.838714
vt 0.582766 0.837625
vt 0.579683 0.840299
vt 0.578725 0.841955
vt 0.578281 0.843821
vt 0.577607 0.845007
vt 0.576694 0.844987
vt 0.575978 0.844099
vt 0.575389 0.842854
vt 0.574579 0.842360
vt 0.573685 0.843020
vt 0.571855 0.843252
vt 0.570196 0.844303
vt 0.568586 0.846016
vt 0.567114 0.846434
vt 0.566507 0.846075
vt 0.566123 0.844643
vt 0.566609 0.842472
vt 0.565946 0.841340
vt 0.564392 0.839725
vt 0.562530 0.839364
vt 0.561465 0.838740
vt 0.561465 0.837973
vt 0.562313 0.837209
vt 0.564048 0.836428
vt 0.564943 0.834830
vt 0.565039 0.833661
vt 0.563827 0.832316
vt 0.563314 0.831215
vt 0.563730 0.830581
vt 0.564843 0.830398
vt 0.566599 0.830596
vt 0.568163 0.829490
vt 0.569043 0.828527
vt 0.569242 0.826458
vt 0.570064 0.825457
vt 0.570666 0.825350
vt 0.571780 0.825940
vt 0.572754 0.827743
vt 0.574082 0.829183
vt 0.575606 0.830000
vt 0.577260 0.830509
vt 0.580459 0.830574
vt 0.784046 0.729585
vt 0.800755 0.730316
vt 0.796109 0.740978
vt 0.783453 0.741934
vt 0.796215 0.713696
vt 0.784018 0.714540
vt 0.783150 0.697805
vt 0.796981 0.697421
vt 0.762037 0.800227
vt 0.769972 0.795052
vt 0.770385 0.815919
vt 0.761442 0.814827
vt 0.739999 0.802093
vt 0.752314 0.801191
vt 0.753605 0.813708
vt 0.742131 0.814218
vt 0.503331 0.840067
vt 0.524785 0.840028
vt 0.523600 0.852389
vt 0.503468 0.851813
vt 0.501764 0.719124
vt 0.501231 0.706830
vt 0.521844 0.704936
vt 0.523172 0.717482
vt 0.522963 0.862258
vt 0.502029 0.862086
vt 0.471891 0.123445
vt 0.475406 0.123839
vt 0.478649 0.130028
vt 0.469000 0.130701
vt 0.479493 0.117765
vt 0.480605 0.122537
vt 0.477010 0.121173
vt 0.476899 0.118762
vt 0.773025 0.560097
vt 0.790395 0.558995
vt 0.789530 0.591602
vt 0.774501 0.593635
vt 0.737006 0.567230
vt 0.753064 0.560334
vt 0.758628 0.597604
vt 0.744711 0.599141
vt 0.459450 0.726526
vt 0.459279 0.713426
vt 0.481386 0.713225
vt 0.481496 0.725866
vt 0.460047 0.931042
vt 0.482343 0.931527
vt 0.481826 0.944799
vt 0.459967 0.943942
vt 0.459279 0.954972
vt 0.481688 0.954972
vt 0.541395 0.146271
vt 0.534835 0.145250
vt 0.535008 0.135507
vt 0.542632 0.136595
vt 0.539494 0.156335
vt 0.541417 0.162639
vt 0.533386 0.161477
vt 0.534772 0.155686
vt 0.810294 0.713171
vt 0.810294 0.699070
vt 0.738833 0.671819
vt 0.758225 0.673940
vt 0.759346 0.686732
vt 0.736906 0.684199
vt 0.735723 0.697107
vt 0.744185 0.701022
vt 0.782684 0.838642
vt 0.782503 0.830473
vt 0.781534 0.817933
vt 0.782249 0.799677
vt 0.162179 0.065223
vt 0.159630 0.055216
vt 0.145764 0.054135
vt 0.144698 0.065947
vt 0.781942 0.866389
vt 0.782538 0.857129
vt 0.783230 0.846478
vt 0.502263 0.763681
vt 0.502821 0.750929
vt 0.523512 0.752020
vt 0.522139 0.764587
vt 0.493311 0.738609
vt 0.467788 0.737263
vt 0.467809 0.723316
vt 0.494311 0.725605
vt 0.595265 0.775482
vt 0.554505 0.769460
vt 0.556430 0.756242
vt 0.595289 0.758957
vt 0.740015 0.656320
vt 0.744071 0.630206
vt 0.759584 0.629018
vt 0.758381 0.656959
vt 0.537546 0.826436
vt 0.535939 0.817115
vt 0.553626 0.817659
vt 0.555929 0.826644
vt 0.496774 0.820231
vt 0.517964 0.817296
vt 0.519447 0.825592
vt 0.498369 0.829845
vt 0.183363 0.271403
vt 0.181584 0.252165
vt 0.183046 0.291107
vt 0.181488 0.312269
vt 0.604618 0.774266
vt 0.588853 0.776280
vt 0.583660 0.766634
vt 0.598090 0.755927
vt 0.567229 0.783015
vt 0.570344 0.792417
vt 0.559348 0.796148
vt 0.555465 0.785268
vt 0.578097 0.778630
vt 0.573809 0.770727
vt 0.564650 0.773860
vt 0.478360 0.143807
vt 0.469534 0.144103
vt 0.455466 0.130034
vt 0.462446 0.128949
vt 0.464188 0.143789
vt 0.457866 0.144529
vt 0.471372 0.118682
vt 0.470872 0.121503
vt 0.467194 0.121902
vt 0.469160 0.116809
vt 0.796018 0.680195
vt 0.782660 0.682249
vt 0.781929 0.669249
vt 0.796063 0.666386
vt 0.561428 0.754195
vt 0.550537 0.753042
vt 0.575949 0.756136
vt 0.770084 0.838275
vt 0.760928 0.837733
vt 0.761566 0.828612
vt 0.770954 0.829341
vt 0.572320 0.822783
vt 0.568085 0.814350
vt 0.579173 0.807944
vt 0.585518 0.815231
vt 0.588635 0.799731
vt 0.596749 0.803347
vt 0.590444 0.787783
vt 0.603255 0.790474
vt 0.780767 0.973111
vt 0.779574 0.939477
vt 0.781549 0.905430
vt 0.781564 0.879718
vt 0.489312 0.145372
vt 0.483649 0.143578
vt 0.486124 0.129574
vt 0.490924 0.130351
vt 0.544283 0.128173
vt 0.534096 0.127506
vt 0.755994 0.709000
vt 0.769245 0.700210
vt 0.771019 0.716145
vt 0.756946 0.719004
vt 0.475575 0.117111
vt 0.473077 0.117096
vt 0.472264 0.114560
vt 0.476374 0.114569
vt 0.751781 0.858691
vt 0.767516 0.857676
vt 0.767074 0.866866
vt 0.751066 0.867578
vt 0.751586 0.881474
vt 0.767672 0.879967
vt 0.539182 0.751596
vt 0.529723 0.750216
vt 0.160702 0.086288
vt 0.161658 0.075948
vt 0.528838 0.788725
vt 0.527309 0.776202
vt 0.541630 0.776277
vt 0.544014 0.787435
vt 0.527843 0.764506
vt 0.539898 0.764825
vt 0.780775 0.772669
vt 0.780938 0.754837
vt 0.790538 0.754744
vt 0.788836 0.772240
vt 0.770989 0.772226
vt 0.769514 0.756756
vt 0.757829 0.770434
vt 0.757457 0.757445
vt 0.805161 0.591414
vt 0.806000 0.559449
vt 0.808459 0.649465
vt 0.805950 0.621620
vt 0.553464 0.775270
vt 0.552120 0.764068
vt 0.561791 0.764337
vt 0.743036 0.855134
vt 0.748505 0.855316
vt 0.748259 0.857976
vt 0.742962 0.857325
vt 0.407265 0.751836
vt 0.410807 0.752540
vt 0.410662 0.754403
vt 0.407442 0.753657
vt 0.733122 0.856415
vt 0.733327 0.854152
vt 0.723162 0.855966
vt 0.723307 0.854102
vt 0.727095 0.818555
vt 0.726053 0.827940
vt 0.713705 0.830062
vt 0.710288 0.822336
vt 0.755247 0.847559
vt 0.768167 0.847147
vt 0.765052 0.972596
vt 0.747802 0.971589
vt 0.752039 0.937988
vt 0.765846 0.939203
vt 0.531936 0.134456
vt 0.531250 0.144364
vt 0.725229 0.837093
vt 0.713530 0.840381
vt 0.106268 0.100753
vt 0.102527 0.089302
vt 0.113373 0.085669
vt 0.116508 0.097847
vt 0.159260 0.134972
vt 0.158459 0.115137
vt 0.157741 0.098519
vt 0.811268 0.737634
vt 0.810893 0.727643
vt 0.503413 0.831702
vt 0.523600 0.831342
vt 0.741372 0.826371
vt 0.753003 0.828153
vt 0.751296 0.837953
vt 0.739539 0.835175
vt 0.481472 0.735070
vt 0.481120 0.750080
vt 0.461548 0.750233
vt 0.460371 0.735885
vt 0.546815 0.798459
vt 0.550444 0.807528
vt 0.535251 0.809142
vt 0.531492 0.798648
vt 0.545220 0.146593
vt 0.546733 0.135901
vt 0.454999 0.755709
vt 0.436483 0.754675
vt 0.423025 0.754125
vt 0.743010 0.768377
vt 0.743311 0.757378
vt 0.727923 0.765095
vt 0.728506 0.753956
vt 0.168170 0.305638
vt 0.164180 0.320914
vt 0.149617 0.318645
vt 0.151496 0.303069
vt 0.407843 0.748582
vt 0.410995 0.749147
vt 0.410792 0.750988
vt 0.407539 0.750323
vt 0.723140 0.805350
vt 0.707621 0.811834
vt 0.468067 0.846561
vt 0.462732 0.835179
vt 0.473774 0.828805
vt 0.480616 0.838197
vt 0.449889 0.845215
vt 0.454549 0.856446
vt 0.470578 0.156857
vt 0.466284 0.154280
vt 0.482108 0.152061
vt 0.475486 0.156660
vt 0.733602 0.858455
vt 0.735389 0.870068
vt 0.574288 0.799892
vt 0.563549 0.805252
vt 0.772633 0.743839
vt 0.771911 0.731994
vt 0.759234 0.746427
vt 0.758804 0.735111
vt 0.479887 0.763454
vt 0.479373 0.776491
vt 0.459279 0.773777
vt 0.460972 0.763017
vt 0.469830 0.762924
vt 0.470453 0.752814
vt 0.441399 0.762004
vt 0.442321 0.751451
vt 0.415582 0.758162
vt 0.415716 0.748010
vt 0.386974 0.754040
vt 0.387269 0.746574
vt 0.743497 0.883937
vt 0.744233 0.885496
vt 0.739482 0.887797
vt 0.738599 0.885895
vt 0.407219 0.794696
vt 0.410170 0.793545
vt 0.411123 0.794972
vt 0.407860 0.796137
vt 0.741680 0.861599
vt 0.732510 0.860488
vt 0.732794 0.858409
vt 0.742365 0.859666
vt 0.790768 0.768769
vt 0.781163 0.767096
vt 0.781482 0.765411
vt 0.791051 0.766689
vt 0.469697 0.852770
vt 0.470320 0.840609
vt 0.444767 0.852436
vt 0.445215 0.841584
vt 0.416590 0.850874
vt 0.417383 0.843261
vt 0.388379 0.850424
vt 0.388675 0.842823
vt 0.524447 0.727384
vt 0.525461 0.741897
vt 0.504207 0.741982
vt 0.503982 0.728576
vt 0.740669 0.889924
vt 0.745923 0.887248
vt 0.746685 0.889635
vt 0.741900 0.891713
vt 0.742247 0.850932
vt 0.747855 0.850929
vt 0.747928 0.853106
vt 0.742317 0.852809
vt 0.747207 0.891429
vt 0.742394 0.893266
vt 0.747522 0.892689
vt 0.742510 0.894783
vt 0.408348 0.797379
vt 0.411256 0.796226
vt 0.412140 0.798238
vt 0.409195 0.799044
vt 0.732833 0.896426
vt 0.731752 0.894181
vt 0.724640 0.899800
vt 0.723756 0.897788
vt 0.460092 0.920054
vt 0.480782 0.922827
vt 0.739578 0.649377
vt 0.709547 0.651234
vt 0.708568 0.643104
vt 0.737079 0.640583
vt 0.757503 0.853746
vt 0.757159 0.850891
vt 0.745909 0.668249
vt 0.713465 0.664515
vt 0.711672 0.657734
vt 0.745115 0.658784
vt 0.758879 0.858411
vt 0.758249 0.856029
vt 0.807817 0.679186
vt 0.807470 0.665289
vt 0.736658 0.939102
vt 0.730323 0.970926
vt 0.766348 0.785054
vt 0.759442 0.787916
vt 0.128915 0.094716
vt 0.124991 0.082354
vt 0.139649 0.074320
vt 0.146793 0.088326
vt 0.486969 0.755591
vt 0.782542 0.652999
vt 0.777555 0.627160
vt 0.792332 0.624272
vt 0.795759 0.651178
vt 0.752643 0.907963
vt 0.767165 0.905495
vt 0.454353 0.798180
vt 0.464850 0.796278
vt 0.470399 0.810512
vt 0.458734 0.814791
vt 0.470760 0.821468
vt 0.460331 0.826917
vt 0.388127 0.717810
vt 0.413855 0.713955
vt 0.414483 0.721973
vt 0.388190 0.725049
vt 0.441085 0.710704
vt 0.440625 0.720286
vt 0.467905 0.709882
vt 0.468437 0.719684
vt 0.508950 0.753302
vt 0.513537 0.786901
vt 0.512490 0.775460
vt 0.490755 0.790053
vt 0.488852 0.777609
vt 0.412744 0.799390
vt 0.409832 0.800414
vt 0.413428 0.800763
vt 0.410518 0.801834
vt 0.747542 0.860234
vt 0.744556 0.747927
vt 0.741905 0.737243
vt 0.729396 0.746681
vt 0.728452 0.735439
vt 0.447449 0.779581
vt 0.440347 0.768626
vt 0.456381 0.768966
vt 0.460630 0.781411
vt 0.495964 0.711828
vt 0.469733 0.710440
vt 0.471144 0.693498
vt 0.496075 0.692321
vt 0.597569 0.743700
vt 0.558882 0.742722
vt 0.558672 0.725354
vt 0.599241 0.723626
vt 0.471458 0.739929
vt 0.471502 0.729215
vt 0.444149 0.739820
vt 0.443883 0.730037
vt 0.415972 0.739402
vt 0.415966 0.730910
vt 0.387975 0.738915
vt 0.388176 0.730319
vt 0.120231 0.147664
vt 0.111197 0.127116
vt 0.122631 0.123700
vt 0.128628 0.141575
vt 0.108266 0.114518
vt 0.120045 0.112623
vt 0.445143 0.800999
vt 0.434983 0.783451
vt 0.559764 0.702766
vt 0.560109 0.712506
vt 0.598570 0.696296
vt 0.599730 0.711119
vt 0.470578 0.670433
vt 0.493947 0.667576
vt 0.495489 0.680746
vt 0.471557 0.682943
vt 0.744670 0.683753
vt 0.708165 0.678123
vt 0.710006 0.671687
vt 0.745160 0.674374
vt 0.757018 0.863190
vt 0.747064 0.862309
vt 0.757664 0.860930
vt 0.738691 0.718031
vt 0.728322 0.706168
vt 0.729821 0.731948
vt 0.702812 0.743334
vt 0.699787 0.736413
vt 0.727576 0.723105
vt 0.755137 0.886095
vt 0.754075 0.883664
vt 0.140072 0.138505
vt 0.135068 0.120860
vt 0.148247 0.116875
vt 0.150041 0.135830
vt 0.132342 0.108081
vt 0.147072 0.101257
vt 0.721876 0.724266
vt 0.718907 0.713821
vt 0.495037 0.805786
vt 0.471021 0.804883
vt 0.470096 0.791168
vt 0.495145 0.790900
vt 0.599095 0.855605
vt 0.559658 0.855332
vt 0.560442 0.839231
vt 0.597999 0.839353
vt 0.732892 0.852380
vt 0.732867 0.850748
vt 0.723292 0.852551
vt 0.723495 0.850710
vt 0.410724 0.755568
vt 0.407309 0.754992
vt 0.171342 0.251611
vt 0.169895 0.271047
vt 0.155841 0.271837
vt 0.160076 0.250374
vt 0.169920 0.289720
vt 0.151831 0.286809
vt 0.485228 0.154580
vt 0.478202 0.161714
vt 0.530413 0.128223
vt 0.547554 0.130145
vt 0.553055 0.126594
vt 0.551077 0.136149
vt 0.463744 0.157321
vt 0.387781 0.837841
vt 0.416868 0.835558
vt 0.442680 0.831058
vt 0.470846 0.827488
vt 0.468276 0.864025
vt 0.441766 0.860889
vt 0.414470 0.857572
vt 0.388300 0.856249
vt 0.469619 0.779581
vt 0.495059 0.778400
vt 0.556630 0.828333
vt 0.597434 0.825624
vt 0.495145 0.817603
vt 0.471772 0.816610
vt 0.599985 0.869499
vt 0.560911 0.867899
vt 0.138719 0.303328
vt 0.136994 0.317162
vt 0.143387 0.273648
vt 0.148581 0.249607
vt 0.141584 0.287876
vt 0.739118 0.909186
vt 0.738214 0.884348
vt 0.744838 0.846663
vt 0.738410 0.843190
vt 0.728333 0.847584
vt 0.423581 0.771576
vt 0.735034 0.791941
vt 0.718962 0.795368
vt 0.706234 0.800492
vt 0.749511 0.790066
vt 0.444390 0.829944
vt 0.449349 0.818054
vt 0.495789 0.811909
vt 0.495090 0.802176
vt 0.580100 0.786966
vt 0.579795 0.794806
vt 0.571103 0.764223
vt 0.510840 0.766018
vt 0.488087 0.767641
vt 0.517316 0.808856
vt 0.517001 0.798280
vt 0.753163 0.881047
vt 0.697190 0.728960
vt 0.726408 0.713556
vt 0.723623 0.896534
vt 0.731461 0.891852
vt 0.732551 0.747141
vt 0.706176 0.756905
vt 0.704219 0.748993
vt 0.732699 0.738453
vt 0.756319 0.890862
vt 0.755631 0.888083
vt 0.723224 0.857130
vt 0.733443 0.897236
vt 0.725244 0.900952
vt 0.734169 0.898491
vt 0.725928 0.902326
vt 0.174872 0.324362
vt 0.469315 0.161714
vt 0.485255 0.122196
vt 0.489190 0.121261
vt 0.463491 0.120982
vt 0.459125 0.119723
vt 0.550184 0.148038
vt 0.527412 0.126346
vt 0.527305 0.133558
vt 0.526997 0.145218
vt 0.482829 0.115765
vt 0.477514 0.111519
vt 0.471683 0.110837
vt 0.466822 0.114482
vt 0.543745 0.156183
vt 0.546098 0.158918
vt 0.531165 0.152120
vt 0.528122 0.153860
vt 0.751693 0.878860
vt 0.693007 0.722734
vt 0.722856 0.703772
vt 0.722670 0.895108
vt 0.730657 0.890060
vt 0.410405 0.757253
vt 0.407219 0.756544
vt 0.702015 0.788871
vt 0.715186 0.782557
vt 0.729030 0.779184
vt 0.741721 0.777444
vt 0.750940 0.775962
vt 0.758169 0.773135
vt 0.552004 0.114726
vt 0.540871 0.119100
vt 0.539638 0.117572
vt 0.544190 0.105987
vt 0.540879 0.121045
vt 0.526997 0.117954
vt 0.536383 0.119487
vt 0.536766 0.121376
vt 0.532154 0.108039
vt 0.537792 0.117629
vt 0.470536 0.105987
vt 0.479591 0.106445
vt 0.486994 0.112981
vt 0.463179 0.110679
vn -0.6449 -0.7572 -0.1033
vn 0.8765 0.1615 0.4534
vn -0.9471 -0.2403 -0.2127
vn -0.9991 -0.0369 -0.0223
vn 0.9856 -0.1678 0.0225
vn 0.9794 0.1945 0.0552
vn -0.9470 -0.1758 -0.2689
vn 0.9480 -0.1132 0.2974
vn 0.9683 0.2026 0.1460
vn -0.9239 -0.2355 -0.3017
vn -0.8972 -0.1090 -0.4279
vn 0.9393 0.1839 -0.2895
vn -0.9564 0.2790 -0.0866
vn 0.9808 -0.1709 0.0939
vn -0.9957 -0.0348 -0.0863
vn -0.9740 0.2130 -0.0768
vn -0.9919 -0.0865 -0.0935
vn -0.9795 -0.0845 -0.1830
vn 0.9964 -0.0535 -0.0659
vn 0.8994 -0.4291 0.0833
vn -0.9829 0.1622 -0.0877
vn -0.9710 0.2225 -0.0874
vn -0.9718 0.2032 -0.1194
vn 0.9703 -0.2295 0.0762
vn 0.9541 -0.2868 0.0863
vn -0.9868 0.1354 -0.0891
vn 0.9855 -0.1526 0.0744
vn 0.9585 -0.2151 0.1872
vn 0.9139 -0.3972 0.0842
vn 0.9072 -0.3867 0.1657
vn -0.9761 0.1989 -0.0876
vn 0.9089 -0.4085 0.0839
vn -0.9742 0.1930 -0.1167
vn 0.9769 0.0647 -0.2036
vn -0.9134 -0.2193 -0.3430
vn -0.9062 -0.3910 -0.1610
vn 0.9930 0.0094 0.1176
vn -0.9291 -0.3102 -0.2014
vn 0.9994 0.0025 0.0357
vn 0.8996 0.0819 0.4289
vn -0.9056 -0.3273 0.2697
vn 0.5345 0.3148 0.7844
vn 0.8662 0.1622 0.4726
vn -0.9741 -0.1910 -0.1207
vn 0.8988 0.1237 -0.4205
vn -0.9152 -0.2822 -0.2876
vn 0.9800 0.0596 0.1896
vn -0.8098 -0.2027 -0.5505
vn 0.9986 0.0538 -0.0012
vn -0.9752 -0.2209 -0.0136
vn -0.9837 0.1681 0.0631
vn -0.7880 0.3187 0.5267
vn 0.5747 0.0445 0.8172
vn -0.9989 -0.0344 0.0326
vn 0.8561 0.0345 0.5157
vn -0.9315 -0.1367 -0.3371
vn -0.9320 -0.0839 -0.3527
vn 0.9119 0.0317 0.4092
vn -0.9389 -0.1191 -0.3230
vn 0.9182 -0.0623 0.3913
vn -0.1809 0.5907 0.7864
vn -0.3467 0.4306 0.8333
vn -0.3508 0.4208 0.8366
vn -0.3444 0.2692 0.8994
vn -0.3264 0.0905 0.9409
vn 0.0317 -0.9743 0.2230
vn 0.2857 -0.2703 -0.9194
vn 0.2945 -0.2864 -0.9117
vn 0.4211 -0.5159 -0.7460
vn 0.0980 -0.8014 0.5900
vn -0.2101 -0.0417 0.9768
vn -0.1085 0.0126 0.9940
vn -0.0912 0.0148 0.9957
vn -0.1176 -0.0599 0.9913
vn -0.3295 -0.9441 -0.0107
vn 0.0610 -0.1008 -0.9930
vn 0.0867 -0.0295 -0.9958
vn 0.1150 -0.2259 -0.9673
vn -0.0926 -0.1182 0.9887
vn -0.0905 0.0027 0.9959
vn -0.1122 -0.0695 0.9913
vn -0.3270 -0.9448 -0.0184
vn 0.0615 -0.0910 -0.9940
vn 0.0867 -0.0175 -0.9961
vn 0.0976 -0.1318 -0.9865
vn -0.0755 -0.1569 0.9847
vn -0.0884 0.0035 0.9961
vn -0.1123 -0.0697 0.9912
vn -0.3271 -0.9448 -0.0184
vn 0.0614 -0.0912 -0.9939
vn 0.0860 -0.0179 -0.9961
vn 0.0969 -0.1556 -0.9831
vn -0.0664 -0.2014 0.9773
vn -0.0849 0.0008 0.9964
vn -0.1111 -0.0814 0.9905
vn 0.0474 -0.0886 -0.9949
vn 0.0714 -0.0313 -0.9970
vn 0.0837 -0.0707 -0.9940
vn 0.0798 -0.0308 -0.9963
vn -0.0030 0.0974 -0.9952
vn -0.0338 0.0890 -0.9955
vn 0.1467 0.4812 0.8642
vn 0.2705 0.6074 0.7469
vn 0.1958 0.4730 0.8590
vn 0.1442 0.2078 -0.9675
vn 0.3862 0.1157 -0.9151
vn 0.2544 0.1966 -0.9469
vn 0.0782 0.0201 -0.9967
vn -0.9969 0.0009 -0.0781
vn -0.6065 0.0269 -0.7946
vn 0.0642 0.3900 0.9186
vn 0.9962 0.0376 -0.0779
vn 0.8472 0.2055 0.4899
vn 0.4500 0.0783 0.8896
vn 0.9551 0.2885 -0.0667
vn 0.8050 0.1913 0.5615
vn -0.9990 0.0402 0.0176
vn -0.0620 0.0688 -0.9957
vn -0.7546 0.0583 -0.6536
vn -0.0301 -0.9506 -0.3089
vn 0.0254 -0.7020 0.7117
vn -0.1320 0.5070 0.8518
vn -0.0775 0.6012 0.7953
vn 0.9844 0.0305 -0.1733
vn 0.9893 -0.1077 -0.0985
vn 0.0038 -0.2018 -0.9794
vn 0.0350 0.0755 -0.9965
vn 0.0007 -0.0582 -0.9983
vn -0.7409 -0.6459 -0.1840
vn -0.9617 -0.0958 -0.2567
vn 0.0566 -0.2069 -0.9767
vn 0.0419 -0.2513 -0.9670
vn 0.0230 -0.2488 -0.9683
vn 0.1394 0.1558 -0.9779
vn 0.9973 -0.0685 -0.0270
vn 0.9956 -0.0915 -0.0221
vn 0.9932 -0.1143 -0.0221
vn 0.9886 -0.1468 -0.0327
vn 0.9810 -0.0953 -0.1691
vn 0.9930 0.0696 -0.0959
vn 0.1576 -0.4379 -0.8851
vn 0.2443 -0.0081 -0.9697
vn 0.1978 -0.3363 -0.9208
vn -0.1987 0.2458 -0.9487
vn -0.4665 -0.2075 -0.8598
vn -0.5716 -0.6501 -0.5006
vn 0.2939 0.9556 -0.0221
vn 0.9201 0.0462 -0.3890
vn 0.7231 0.6810 -0.1155
vn 0.9379 0.3075 -0.1609
vn 0.1182 0.8666 0.4847
vn -0.9899 0.1019 0.0986
vn -0.6583 0.6616 0.3591
vn -0.9967 0.0798 -0.0131
vn 0.5318 -0.0180 0.8467
vn 0.4039 0.3949 0.8252
vn 0.2354 0.2282 0.9447
vn 0.2392 0.8304 0.5032
vn 0.2036 0.4971 0.8435
vn 0.3322 -0.2928 -0.8966
vn 0.2373 -0.1452 -0.9605
vn 0.1832 0.0778 -0.9800
vn 0.1622 0.3272 -0.9309
vn 0.2326 0.6602 -0.7142
vn 0.0171 0.1121 -0.9936
vn 0.0320 -0.0118 -0.9994
vn 0.0368 -0.0612 -0.9974
vn 0.9836 0.1637 0.0756
vn 0.0608 -0.1373 -0.9887
vn -0.0473 -0.7474 -0.6627
vn 0.8819 0.1458 0.4482
vn 0.7309 0.4446 0.5177
vn -0.0687 0.1754 -0.9821
vn -0.7598 0.1068 -0.6413
vn 0.4600 -0.1808 -0.8693
vn 0.4553 -0.1301 -0.8808
vn 0.3553 -0.3154 0.8799
vn 0.2847 0.0038 0.9586
vn -0.4413 -0.8209 0.3625
vn -0.6636 -0.7469 -0.0416
vn 0.8337 -0.4503 -0.3197
vn 0.8995 -0.4343 0.0487
vn 0.7868 -0.4058 0.4651
vn 0.2290 0.9328 0.2783
vn 0.0877 0.9720 0.2182
vn 0.2703 0.9519 0.1445
vn 0.9613 0.0310 0.2737
vn 0.0518 -0.0297 0.9982
vn 0.0078 -0.0955 0.9954
vn 0.0693 -0.0762 0.9947
vn 0.9636 0.0485 0.2629
vn 0.7390 0.1296 0.6611
vn -0.0608 -0.0449 0.9971
vn 0.1305 0.1058 0.9858
vn -0.1171 -0.0034 0.9931
vn 0.0193 -0.0349 0.9992
vn -0.5228 -0.2970 -0.7990
vn 0.9726 -0.0970 -0.2113
vn 0.4516 -0.2640 -0.8522
vn 0.4107 -0.3165 -0.8551
vn 0.3692 0.2414 -0.8974
vn 0.5890 -0.7610 -0.2720
vn 0.0710 0.1700 -0.9829
vn -0.9402 -0.2665 -0.2121
vn 0.9953 -0.0759 -0.0594
vn 0.0332 0.0284 0.9990
vn 0.0275 -0.0552 0.9981
vn -0.0829 -0.4774 0.8748
vn -0.0193 0.4642 0.8855
vn -0.0317 0.4525 0.8912
vn 0.7041 -0.0163 -0.7099
vn 0.5257 -0.4928 -0.6934
vn 0.4259 -0.3941 -0.8145
vn -0.0164 0.0132 0.9998
vn 0.9462 -0.2636 -0.1874
vn -0.8109 0.1962 0.5513
vn 0.6953 -0.4547 -0.5566
vn 0.4610 -0.4277 -0.7775
vn 0.2156 -0.2069 -0.9543
vn -0.6385 -0.7310 -0.2408
vn 0.0448 0.4248 0.9042
vn 0.0018 0.4743 0.8803
vn 0.1688 -0.2052 -0.9641
vn 0.1345 0.6647 0.7349
vn 0.6254 0.7635 0.1614
vn 0.9383 0.2653 0.2217
vn 0.0372 -0.0471 -0.9982
vn -0.9586 -0.1068 0.2640
vn -0.5684 0.0213 0.8225
vn 0.3654 -0.1515 -0.9184
vn 0.0538 -0.0863 -0.9948
vn 0.2064 0.0037 0.9785
vn 0.1444 0.1781 -0.9734
vn 0.0929 0.1387 -0.9860
vn -0.4347 0.8321 0.3445
vn 0.5900 0.7662 0.2546
vn 0.7466 -0.0905 -0.6591
vn 0.7429 0.0438 -0.6680
vn 0.5169 0.0528 -0.8544
vn 0.2119 0.3786 0.9009
vn 0.2393 0.1226 0.9632
vn 0.0017 0.5117 0.8592
vn 0.9902 0.0028 -0.1400
vn 0.9983 0.0532 0.0238
vn 0.9944 -0.1053 0.0005
vn 0.9815 -0.1714 -0.0855
vn 0.9851 -0.1033 -0.1376
vn -0.7519 0.0324 0.6585
vn 0.1266 -0.2403 -0.9624
vn 0.9026 0.1377 -0.4079
vn 0.9762 0.0417 -0.2129
vn 0.9394 0.0778 0.3338
vn 0.9576 -0.0172 0.2875
vn -0.0021 0.1655 -0.9862
vn -0.1046 0.0136 -0.9944
vn -0.1246 -0.0741 -0.9894
vn -0.0908 -0.0569 -0.9942
vn -0.0270 -0.0474 0.9985
vn -0.7978 -0.0352 0.6019
vn -0.1432 -0.0394 -0.9889
vn -0.9572 -0.1269 0.2601
vn -0.6622 -0.1274 -0.7384
vn -0.9177 -0.1575 -0.3648
vn -0.0745 0.0878 -0.9933
vn -0.2173 -0.0844 -0.9724
vn -0.1840 -0.0241 -0.9826
vn 0.6664 0.0097 -0.7456
vn -0.8947 -0.1261 0.4285
vn -0.8751 -0.2526 0.4127
vn -0.0232 -0.0715 0.9972
vn 0.0034 -0.1029 0.9947
vn -0.4595 -0.0378 0.8874
vn -0.0048 -0.0195 0.9998
vn 0.7299 0.2947 -0.6168
vn 0.3464 0.5086 -0.7883
vn -0.0192 -0.0518 0.9985
vn 0.0972 0.2097 0.9729
vn 0.5304 -0.2328 0.8151
vn 0.5574 -0.0334 0.8296
vn 0.1991 0.1374 -0.9703
vn 0.4597 0.0276 -0.8876
vn 0.4662 -0.0411 -0.8837
vn 0.8190 0.5057 -0.2711
vn 0.6169 0.3511 -0.7044
vn 0.4079 0.2465 -0.8791
vn -0.9984 -0.0303 -0.0481
vn -0.9988 -0.0230 -0.0435
vn -0.9983 -0.0029 0.0588
vn -0.9994 0.0170 0.0311
vn 0.7284 0.0725 -0.6813
vn 0.2287 -0.9703 0.0783
vn 0.1628 -0.3713 0.9141
vn 0.9127 -0.3516 -0.2081
vn 0.9894 -0.0800 0.1210
vn -0.3494 0.3602 0.8650
vn 0.7600 -0.0718 0.6460
vn -0.7424 -0.1322 -0.6568
vn -0.9543 -0.1906 -0.2300
vn 0.7040 0.1092 -0.7018
vn 0.5367 0.0619 0.8415
vn 0.1030 -0.0860 0.9910
vn -0.0338 -0.0964 0.9948
vn 0.1019 0.9426 0.3180
vn 0.4670 0.5718 0.6745
vn 0.2029 0.4805 0.8532
vn -0.2723 -0.3334 0.9026
vn 0.4812 0.0543 -0.8749
vn -0.0795 -0.0102 0.9968
vn -0.0855 -0.0263 0.9960
vn -0.0731 -0.0018 0.9973
vn -0.0603 -0.1211 0.9908
vn -0.1114 -0.0836 0.9903
vn -0.0502 -0.0965 0.9941
vn -0.0227 -0.1043 0.9943
vn 0.7963 -0.0201 0.6045
vn 0.5106 -0.4831 0.7113
vn 0.9766 0.2025 -0.0728
vn 0.9974 0.0062 -0.0720
vn 0.9948 -0.0494 -0.0888
vn 0.9266 0.2916 0.2374
vn 0.5465 0.7714 0.3259
vn -0.9932 -0.0288 -0.1124
vn -0.9919 -0.0052 -0.1269
vn -0.9789 -0.0374 -0.2009
vn 0.9636 0.0775 0.2560
vn 0.9713 0.0962 0.2175
vn 0.9036 -0.4283 -0.0103
vn -0.0005 -0.0680 -0.9977
vn -0.0697 -0.0527 -0.9962
vn 0.3464 0.0845 0.9343
vn 0.2722 0.0180 0.9621
vn 0.1353 -0.0459 0.9897
vn -0.9490 -0.0996 0.2992
vn -0.0288 0.0013 -0.9996
vn -0.0389 -0.1102 -0.9932
vn 0.0208 -0.1145 -0.9932
vn -0.9555 -0.1282 0.2655
vn -0.9243 -0.1401 0.3549
vn 0.7698 0.0508 0.6362
vn -0.5490 -0.1050 0.8292
vn 0.3576 0.2673 -0.8948
vn 0.3356 -0.1603 -0.9283
vn 0.2163 -0.3350 -0.9170
vn 0.8297 0.2241 0.5112
vn 0.4425 -0.6711 -0.5948
vn 0.9626 0.2593 0.0780
vn -0.9362 -0.3391 -0.0919
vn -0.9579 0.2058 0.2001
vn 0.7734 0.5567 0.3032
vn -0.7543 -0.0344 0.6556
vn -0.7492 -0.0440 0.6609
vn -0.7395 -0.0434 0.6717
vn -0.7567 -0.0947 0.6468
vn 0.7116 -0.1024 0.6951
vn 0.6795 -0.1075 0.7258
vn 0.7038 -0.1359 0.6972
vn 0.7440 -0.1220 0.6570
vn 0.5831 -0.0735 -0.8091
vn 0.6156 -0.1258 -0.7780
vn 0.7001 -0.0322 -0.7133
vn 0.7153 0.1053 -0.6909
vn -0.7350 0.1050 -0.6698
vn -0.8054 0.0292 -0.5920
vn -0.7462 -0.0420 -0.6644
vn -0.7285 -0.0261 -0.6845
vn 0.7305 -0.0679 0.6795
vn 0.6984 -0.0747 0.7118
vn 0.6948 -0.0644 0.7163
vn 0.7180 -0.0433 -0.6947
vn 0.7226 -0.1301 -0.6789
vn 0.7042 -0.1581 -0.6922
vn -0.6980 -0.0031 -0.7161
vn -0.7419 -0.0413 -0.6693
vn -0.6922 -0.0518 -0.7198
vn -0.8278 0.0171 0.5607
vn -0.8403 -0.0298 0.5412
vn -0.8074 -0.0303 0.5892
vn -0.9131 -0.1255 0.3881
vn -0.5639 -0.2043 0.8002
vn 0.7032 -0.0357 -0.7101
vn 0.7720 0.2542 -0.5826
vn 0.7938 -0.0609 -0.6051
vn 0.7159 -0.1959 -0.6701
vn -0.3672 -0.5936 -0.7161
vn -0.0582 -0.1683 -0.9840
vn -0.0098 0.2797 -0.9600
vn 0.7312 -0.0424 0.6808
vn 0.7819 0.1606 0.6024
vn 0.7799 0.0708 0.6219
vn 0.7664 0.0113 0.6422
vn -0.1241 -0.2286 0.9656
vn 0.0517 -0.0346 0.9981
vn 0.1142 0.0486 0.9923
vn 0.1413 -0.1814 0.9732
vn 0.2608 -0.0715 0.9627
vn 0.7706 0.0517 -0.6353
vn 0.7518 -0.0661 -0.6560
vn 0.2126 -0.0003 -0.9771
vn 0.2271 -0.0488 -0.9726
vn 0.8839 -0.1426 0.4455
vn 0.8777 0.0315 0.4782
vn 0.6524 -0.4093 -0.6378
vn 0.8601 -0.1918 -0.4728
vn 0.5521 -0.3263 -0.7673
vn 0.7044 -0.2611 -0.6600
vn 0.7355 -0.0852 -0.6721
vn 0.2255 -0.1309 -0.9654
vn 0.1615 -0.3045 -0.9387
vn 0.1946 -0.2628 -0.9450
vn 0.9218 0.2072 0.3278
vn 0.9744 0.1291 0.1841
vn 0.9088 -0.2878 0.3020
vn 0.0125 -0.5163 0.8563
vn 0.8022 -0.3043 0.5136
vn -0.0839 0.4420 0.8931
vn -0.0259 0.4539 0.8907
vn 0.0656 0.5239 0.8492
vn 0.2556 0.6374 0.7269
vn 0.0798 0.6564 0.7502
vn 0.1321 0.5663 0.8135
vn 0.4734 0.2760 0.8365
vn 0.5764 -0.0899 0.8122
vn 0.3370 0.3669 0.8670
vn 0.4394 0.1042 0.8922
vn 0.4068 0.2813 -0.8691
vn 0.4659 0.0666 -0.8824
vn 0.2656 0.5282 -0.8065
vn 0.3369 0.4531 -0.8254
vn 0.0905 -0.0818 -0.9925
vn 0.4226 -0.2809 -0.8617
vn 0.3352 -0.2117 -0.9181
vn 0.4838 0.4633 -0.7425
vn 0.2553 0.2330 -0.9384
vn 0.4991 0.2026 -0.8425
vn 0.7423 0.2473 -0.6227
vn 0.7602 0.2548 -0.5976
vn 0.5877 0.4853 -0.6474
vn 0.5181 0.2826 -0.8073
vn 0.4853 -0.2078 -0.8493
vn 0.7258 -0.2332 -0.6472
vn 0.6667 0.3760 0.6435
vn 0.6707 0.6415 0.3725
vn 0.9188 0.2731 0.2850
vn 0.7775 -0.0980 0.6211
vn 0.9688 -0.1501 0.1971
vn 0.5339 -0.2958 0.7921
vn 0.8417 -0.1938 0.5040
vn 0.4973 -0.8508 0.1699
vn 0.7814 -0.6209 0.0626
vn 0.5781 -0.0077 -0.8159
vn 0.5321 -0.3212 -0.7834
vn 0.8227 -0.0050 -0.5685
vn 0.8013 -0.2829 -0.5272
vn 0.3972 0.2377 0.8864
vn 0.7239 0.2685 0.6355
vn 0.4765 -0.0400 0.8783
vn 0.5647 0.0050 0.8253
vn -0.5315 -0.1032 0.8408
vn -0.4748 -0.1889 0.8596
vn 0.4914 0.0433 -0.8699
vn 0.4820 0.0173 -0.8760
vn 0.4476 0.0140 -0.8941
vn 0.4244 0.0032 -0.9055
vn -0.9499 -0.1661 -0.2649
vn -0.5292 -0.1469 -0.8357
vn -0.9203 -0.2255 -0.3197
vn -0.5791 -0.1635 -0.7987
vn -0.5653 -0.0599 0.8227
vn -0.5366 -0.0771 0.8403
vn 0.4731 0.0570 0.8792
vn 0.5726 -0.0140 0.8197
vn -0.7061 -0.0913 -0.7022
vn -0.9556 -0.1386 -0.2600
vn -0.6638 -0.1110 -0.7396
vn -0.9165 -0.1363 -0.3762
vn -0.6778 -0.0614 -0.7327
vn 0.5254 -0.5090 -0.6818
vn -0.6557 -0.1108 0.7468
vn 0.2565 -0.5607 0.7873
vn 0.6848 -0.6322 -0.3625
vn 0.8238 -0.4523 -0.3418
vn -0.6674 0.2682 0.6947
vn 0.9924 -0.0861 -0.0877
vn -0.9938 -0.0835 0.0732
vn 0.1072 0.1769 0.9784
vn -0.3593 -0.8268 -0.4328
vn -0.9408 -0.3282 -0.0851
vn 0.8651 -0.4025 -0.2993
vn 0.9071 -0.3805 -0.1798
vn 0.9190 0.2631 0.2935
vn 0.9957 0.0487 -0.0792
vn 0.7599 0.1037 -0.6418
vn -0.0857 0.2052 -0.9750
vn -0.7661 0.0894 -0.6365
vn -0.9956 0.0572 -0.0746
vn -0.8750 0.2793 0.3955
vn 0.0071 -1.0000 0.0053
vn -0.5625 -0.8236 0.0732
vn -0.9581 -0.2622 0.1156
vn 0.9196 -0.3926 -0.0154
vn 0.5236 -0.8519 -0.0100
vn 0.9442 0.1121 -0.3097
vn 0.9609 0.0983 -0.2589
vn 0.6596 0.6663 -0.3479
vn 0.9286 0.2800 -0.2434
vn 0.9675 -0.0202 -0.2522
vn 0.9367 -0.2321 -0.2622
vn 0.7584 0.5720 0.3127
vn 0.9260 -0.0114 -0.3774
vn 0.9045 0.0692 -0.4209
vn 0.9770 0.0041 0.2130
vn 0.9583 0.1711 0.2289
vn 0.9061 0.2810 -0.3164
vn 0.5910 0.6641 -0.4579
vn 0.8819 -0.2923 -0.3700
vn 0.3561 0.8024 -0.4789
vn 0.2520 0.8534 -0.4562
vn 0.3539 0.8450 -0.4009
vn 0.8364 -0.4627 -0.2938
vn 0.8913 0.2857 -0.3522
vn 0.6799 0.6648 -0.3095
vn 0.9893 0.0366 -0.1413
vn 0.3116 0.8926 -0.3258
vn 0.7625 -0.5064 0.4026
vn -0.6026 -0.5389 0.5886
vn -0.8220 -0.0043 -0.5695
vn -0.9771 -0.1715 0.1263
vn 0.9710 -0.1792 0.1584
vn 0.8161 -0.0037 -0.5779
vn -0.0793 0.0387 -0.9961
vn -0.0000 -1.0000 -0.0000
vn 0.0453 -0.4437 0.8950
vn -0.0811 0.0727 -0.9941
vn 0.7860 0.0254 -0.6178
vn 0.9893 -0.1192 -0.0842
vn -0.9912 -0.1052 -0.0802
vn -0.7856 0.0248 -0.6183
vn -0.5841 -0.4782 0.6559
vn 0.5974 -0.4200 0.6831
vn 0.6449 -0.7572 -0.1033
vn -0.8765 0.1615 0.4534
vn 0.9471 -0.2403 -0.2127
vn 0.9991 -0.0369 -0.0223
vn -0.9856 -0.1678 0.0225
vn -0.9794 0.1945 0.0552
vn 0.9470 -0.1758 -0.2689
vn -0.9480 -0.1132 0.2974
vn -0.9683 0.2026 0.1460
vn 0.9239 -0.2355 -0.3017
vn 0.8972 -0.1090 -0.4279
vn -0.9393 0.1839 -0.2895
vn 0.9564 0.2790 -0.0866
vn -0.9808 -0.1709 0.0939
vn 0.9957 -0.0348 -0.0863
vn 0.9740 0.2130 -0.0768
vn 0.9919 -0.0865 -0.0935
vn 0.9795 -0.0845 -0.1830
vn -0.9964 -0.0535 -0.0659
vn -0.8994 -0.4291 0.0833
vn 0.9829 0.1622 -0.0877
vn 0.9710 0.2225 -0.0874
vn 0.9718 0.2032 -0.1194
vn -0.9703 -0.2295 0.0762
vn -0.9541 -0.2868 0.0863
vn 0.9868 0.1354 -0.0891
vn -0.9855 -0.1526 0.0744
vn -0.9585 -0.2151 0.1872
vn -0.9139 -0.3972 0.0842
vn -0.9072 -0.3867 0.1657
vn 0.9761 0.1989 -0.0876
vn -0.9089 -0.4085 0.0839
vn 0.9742 0.1930 -0.1167
vn -0.9769 0.0647 -0.2036
vn 0.9134 -0.2193 -0.3430
vn 0.9062 -0.3910 -0.1610
vn -0.9930 0.0094 0.1176
vn 0.9291 -0.3102 -0.2014
vn -0.9994 0.0025 0.0357
vn -0.8996 0.0819 0.4289
vn 0.9056 -0.3273 0.2697
vn -0.5345 0.3148 0.7844
vn -0.8662 0.1622 0.4726
vn 0.9741 -0.1910 -0.1207
vn -0.8988 0.1237 -0.4205
vn 0.9152 -0.2822 -0.2876
vn -0.9801 0.0596 0.1896
vn 0.8098 -0.2027 -0.5505
vn -0.9986 0.0538 -0.0012
vn 0.9752 -0.2209 -0.0137
vn 0.9837 0.1681 0.0632
vn 0.7880 0.3187 0.5267
vn -0.5747 0.0445 0.8172
vn 0.9989 -0.0344 0.0326
vn -0.8561 0.0345 0.5157
vn 0.9315 -0.1367 -0.3371
vn 0.9320 -0.0838 -0.3527
vn -0.9119 0.0317 0.4092
vn 0.9389 -0.1191 -0.3230
vn -0.9182 -0.0623 0.3913
vn 0.1809 0.5907 0.7864
vn 0.3467 0.4306 0.8333
vn 0.3508 0.4208 0.8366
vn 0.3444 0.2692 0.8994
vn 0.3264 0.0905 0.9409
vn -0.0317 -0.9743 0.2230
vn -0.2857 -0.2703 -0.9194
vn -0.2945 -0.2864 -0.9117
vn -0.4211 -0.5159 -0.7460
vn -0.0980 -0.8014 0.5900
vn 0.2101 -0.0417 0.9768
vn 0.1085 0.0126 0.9940
vn 0.0911 0.0148 0.9957
vn 0.1176 -0.0599 0.9913
vn 0.3295 -0.9441 -0.0107
vn -0.0610 -0.1008 -0.9930
vn -0.0867 -0.0295 -0.9958
vn -0.1150 -0.2259 -0.9673
vn 0.0926 -0.1182 0.9887
vn 0.0905 0.0027 0.9959
vn 0.1122 -0.0695 0.9913
vn 0.3270 -0.9448 -0.0184
vn -0.0615 -0.0910 -0.9940
vn -0.0867 -0.0175 -0.9961
vn -0.0976 -0.1318 -0.9865
vn 0.0755 -0.1569 0.9847
vn 0.0884 0.0035 0.9961
vn 0.1123 -0.0697 0.9912
vn 0.3271 -0.9448 -0.0184
vn -0.0614 -0.0912 -0.9939
vn -0.0860 -0.0179 -0.9961
vn -0.0969 -0.1556 -0.9830
vn 0.0664 -0.2014 0.9773
vn 0.0849 0.0008 0.9964
vn 0.1111 -0.0814 0.9905
vn -0.0474 -0.0886 -0.9949
vn -0.0714 -0.0313 -0.9970
vn -0.0837 -0.0707 -0.9940
vn -0.0798 -0.0308 -0.9963
vn 0.0030 0.0974 -0.9952
vn 0.0338 0.0890 -0.9955
vn -0.1448 0.4810 0.8647
vn -0.2705 0.6073 0.7470
vn -0.1944 0.4714 0.8602
vn -0.1438 0.2085 -0.9674
vn -0.3868 0.1161 -0.9148
vn -0.2543 0.1978 -0.9467
vn -0.0782 0.0201 -0.9967
vn 0.9969 0.0009 -0.0781
vn 0.6065 0.0269 -0.7946
vn -0.0642 0.3900 0.9186
vn -0.9962 0.0376 -0.0779
vn -0.8472 0.2055 0.4899
vn -0.4500 0.0783 0.8896
vn -0.9551 0.2885 -0.0667
vn -0.8050 0.1913 0.5615
vn 0.9990 0.0402 0.0176
vn 0.0620 0.0688 -0.9957
vn 0.7546 0.0583 -0.6536
vn 0.0301 -0.9506 -0.3089
vn -0.0254 -0.7020 0.7117
vn 0.1320 0.5070 0.8518
vn 0.0774 0.6012 0.7953
vn -0.9842 0.0312 -0.1742
vn -0.9893 -0.1066 -0.0999
vn -0.0039 -0.2018 -0.9794
vn -0.0348 0.0754 -0.9965
vn -0.0007 -0.0582 -0.9983
vn 0.7409 -0.6459 -0.1840
vn 0.9617 -0.0958 -0.2567
vn -0.0567 -0.2069 -0.9767
vn -0.0419 -0.2513 -0.9670
vn -0.0231 -0.2488 -0.9683
vn -0.1392 0.1560 -0.9779
vn -0.9973 -0.0685 -0.0270
vn -0.9956 -0.0915 -0.0221
vn -0.9932 -0.1143 -0.0221
vn -0.9886 -0.1468 -0.0327
vn -0.9810 -0.0953 -0.1691
vn -0.9930 0.0696 -0.0959
vn -0.1576 -0.4379 -0.8851
vn -0.2443 -0.0081 -0.9697
vn -0.1978 -0.3363 -0.9208
vn 0.1987 0.2458 -0.9487
vn 0.4665 -0.2075 -0.8598
vn 0.5716 -0.6501 -0.5006
vn -0.2939 0.9556 -0.0221
vn -0.9201 0.0462 -0.3890
vn -0.7231 0.6810 -0.1155
vn -0.9379 0.3075 -0.1609
vn -0.1182 0.8666 0.4847
vn 0.9899 0.1019 0.0986
vn 0.6583 0.6616 0.3591
vn 0.9967 0.0798 -0.0131
vn -0.5318 -0.0180 0.8467
vn -0.4040 0.3949 0.8252
vn -0.2354 0.2282 0.9447
vn -0.2392 0.8304 0.5032
vn -0.2036 0.4971 0.8435
vn -0.3330 -0.2934 -0.8961
vn -0.2370 -0.1463 -0.9604
vn -0.1832 0.0778 -0.9800
vn -0.1622 0.3272 -0.9309
vn -0.2326 0.6602 -0.7142
vn -0.0171 0.1121 -0.9936
vn -0.0320 -0.0118 -0.9994
vn -0.0369 -0.0612 -0.9974
vn -0.9836 0.1637 0.0756
vn -0.0608 -0.1373 -0.9887
vn 0.0473 -0.7474 -0.6627
vn -0.8818 0.1457 0.4486
vn -0.7308 0.4445 0.5180
vn 0.0687 0.1754 -0.9821
vn 0.7598 0.1068 -0.6413
vn -0.4608 -0.1798 -0.8691
vn -0.4556 -0.1299 -0.8807
vn -0.3553 -0.3154 0.8799
vn -0.2847 0.0038 0.9586
vn 0.4413 -0.8209 0.3624
vn 0.6636 -0.7469 -0.0416
vn -0.8337 -0.4503 -0.3197
vn -0.8995 -0.4343 0.0487
vn -0.7868 -0.4058 0.4651
vn -0.2291 0.9330 0.2775
vn -0.0883 0.9720 0.2178
vn -0.2703 0.9519 0.1445
vn -0.9613 0.0310 0.2736
vn -0.0518 -0.0297 0.9982
vn -0.0078 -0.0955 0.9954
vn -0.0693 -0.0762 0.9947
vn -0.9636 0.0485 0.2629
vn -0.7390 0.1296 0.6611
vn 0.0608 -0.0449 0.9971
vn -0.1305 0.1058 0.9858
vn 0.1171 -0.0034 0.9931
vn -0.0193 -0.0349 0.9992
vn 0.5228 -0.2970 -0.7990
vn -0.9726 -0.0966 -0.2116
vn -0.4531 -0.2633 -0.8517
vn -0.4122 -0.3166 -0.8543
vn -0.3692 0.2414 -0.8974
vn -0.5890 -0.7610 -0.2720
vn -0.0710 0.1700 -0.9829
vn 0.9399 -0.2670 -0.2126
vn -0.9953 -0.0759 -0.0594
vn -0.0332 0.0284 0.9990
vn -0.0275 -0.0552 0.9981
vn 0.0829 -0.4774 0.8748
vn 0.0196 0.4640 0.8856
vn 0.0317 0.4525 0.8912
vn -0.7041 -0.0163 -0.7099
vn -0.5273 -0.4945 -0.6910
vn -0.4277 -0.3959 -0.8126
vn 0.0164 0.0132 0.9998
vn -0.9462 -0.2636 -0.1874
vn 0.8109 0.1962 0.5513
vn -0.6953 -0.4547 -0.5566
vn -0.4610 -0.4277 -0.7775
vn -0.2157 -0.2068 -0.9543
vn 0.6385 -0.7310 -0.2408
vn -0.0447 0.4248 0.9042
vn -0.0014 0.4744 0.8803
vn -0.1688 -0.2052 -0.9641
vn -0.1341 0.6643 0.7354
vn -0.6254 0.7635 0.1614
vn -0.9383 0.2653 0.2217
vn -0.0372 -0.0471 -0.9982
vn 0.9586 -0.1068 0.2641
vn 0.5684 0.0213 0.8225
vn -0.3654 -0.1515 -0.9184
vn -0.0538 -0.0863 -0.9948
vn -0.2064 0.0037 0.9785
vn -0.1444 0.1781 -0.9734
vn -0.0928 0.1388 -0.9860
vn 0.4347 0.8321 0.3445
vn -0.5900 0.7662 0.2546
vn -0.7471 -0.0889 -0.6588
vn -0.7429 0.0438 -0.6680
vn -0.5169 0.0528 -0.8544
vn -0.2079 0.3770 0.9026
vn -0.2409 0.1257 0.9624
vn 0.0001 0.5110 0.8596
vn -0.9902 0.0028 -0.1400
vn -0.9983 0.0532 0.0238
vn -0.9944 -0.1053 0.0005
vn -0.9815 -0.1714 -0.0855
vn -0.9851 -0.1033 -0.1376
vn 0.7519 0.0324 0.6585
vn -0.1268 -0.2405 -0.9623
vn -0.9026 0.1377 -0.4079
vn -0.9762 0.0417 -0.2129
vn -0.9394 0.0778 0.3338
vn -0.9576 -0.0172 0.2875
vn 0.0021 0.1655 -0.9862
vn 0.1046 0.0136 -0.9944
vn 0.1246 -0.0741 -0.9894
vn 0.0908 -0.0569 -0.9942
vn 0.0270 -0.0474 0.9985
vn 0.7978 -0.0352 0.6019
vn 0.1432 -0.0394 -0.9889
vn 0.9572 -0.1269 0.2601
vn 0.6622 -0.1274 -0.7384
vn 0.9177 -0.1575 -0.3648
vn 0.0745 0.0878 -0.9934
vn 0.2173 -0.0844 -0.9724
vn 0.1840 -0.0241 -0.9826
vn -0.6664 0.0097 -0.7456
vn 0.8947 -0.1261 0.4285
vn 0.8751 -0.2526 0.4127
vn 0.0232 -0.0715 0.9972
vn -0.0034 -0.1029 0.9947
vn 0.4595 -0.0378 0.8874
vn 0.0048 -0.0195 0.9998
vn -0.7299 0.2947 -0.6168
vn -0.3464 0.5085 -0.7883
vn 0.0192 -0.0518 0.9985
vn -0.0972 0.2097 0.9729
vn -0.5304 -0.2328 0.8151
vn -0.5574 -0.0334 0.8296
vn -0.1991 0.1374 -0.9703
vn -0.4597 0.0276 -0.8876
vn -0.4662 -0.0411 -0.8837
vn -0.8190 0.5057 -0.2711
vn -0.6169 0.3511 -0.7044
vn -0.4079 0.2465 -0.8791
vn 0.9984 -0.0303 -0.0481
vn 0.9988 -0.0230 -0.0435
vn 0.9983 -0.0029 0.0588
vn 0.9994 0.0170 0.0311
vn -0.7284 0.0725 -0.6813
vn -0.2287 -0.9703 0.0783
vn -0.1628 -0.3713 0.9141
vn -0.9127 -0.3516 -0.2081
vn -0.9894 -0.0800 0.1210
vn 0.3494 0.3602 0.8650
vn -0.7600 -0.0718 0.6460
vn 0.7424 -0.1322 -0.6568
vn 0.9543 -0.1906 -0.2301
vn -0.7040 0.1092 -0.7018
vn -0.5367 0.0619 0.8415
vn -0.1118 -0.0838 0.9902
vn 0.0338 -0.0964 0.9948
vn -0.1019 0.9426 0.3180
vn -0.4657 0.5727 0.6746
vn -0.2020 0.4808 0.8532
vn 0.2723 -0.3334 0.9026
vn -0.4812 0.0543 -0.8749
vn 0.0795 -0.0102 0.9968
vn 0.0855 -0.0263 0.9960
vn 0.0731 -0.0018 0.9973
vn 0.0603 -0.1211 0.9908
vn 0.1114 -0.0836 0.9903
vn 0.0502 -0.0965 0.9941
vn 0.0227 -0.1043 0.9943
vn -0.7963 -0.0201 0.6045
vn -0.5106 -0.4830 0.7113
vn -0.9766 0.2025 -0.0728
vn -0.9974 0.0062 -0.0720
vn -0.9948 -0.0494 -0.0888
vn -0.9266 0.2916 0.2374
vn -0.5465 0.7716 0.3255
vn 0.9932 -0.0288 -0.1124
vn 0.9919 -0.0052 -0.1269
vn 0.9789 -0.0374 -0.2009
vn -0.9636 0.0775 0.2560
vn -0.9713 0.0962 0.2175
vn -0.9035 -0.4284 -0.0097
vn 0.0005 -0.0680 -0.9977
vn 0.0697 -0.0527 -0.9962
vn -0.3464 0.0845 0.9343
vn -0.2722 0.0180 0.9621
vn -0.1353 -0.0459 0.9897
vn 0.9486 -0.1044 0.2988
vn 0.0288 0.0013 -0.9996
vn 0.0389 -0.1102 -0.9932
vn -0.0208 -0.1145 -0.9932
vn 0.9555 -0.1282 0.2655
vn 0.9243 -0.1401 0.3549
vn -0.7698 0.0508 0.6362
vn 0.5490 -0.1050 0.8292
vn -0.3576 0.2673 -0.8948
vn -0.3356 -0.1603 -0.9283
vn -0.2163 -0.3350 -0.9170
vn -0.8297 0.2241 0.5112
vn -0.4425 -0.6711 -0.5948
vn -0.9626 0.2593 0.0780
vn 0.9362 -0.3391 -0.0919
vn 0.9579 0.2058 0.2001
vn -0.7734 0.5567 0.3032
vn 0.7543 -0.0344 0.6556
vn 0.7492 -0.0440 0.6609
vn 0.7395 -0.0434 0.6717
vn 0.7567 -0.0947 0.6468
vn -0.7116 -0.1024 0.6951
vn -0.6795 -0.1075 0.7258
vn -0.7038 -0.1359 0.6972
vn -0.7440 -0.1220 0.6570
vn -0.5831 -0.0735 -0.8091
vn -0.6156 -0.1258 -0.7780
vn -0.7001 -0.0322 -0.7133
vn -0.7153 0.1053 -0.6909
vn 0.7350 0.1050 -0.6698
vn 0.8054 0.0292 -0.5920
vn 0.7462 -0.0420 -0.6644
vn 0.7285 -0.0261 -0.6845
vn -0.7305 -0.0679 0.6795
vn -0.6984 -0.0747 0.7118
vn -0.6948 -0.0644 0.7163
vn -0.7180 -0.0433 -0.6947
vn -0.7226 -0.1301 -0.6789
vn -0.7042 -0.1581 -0.6922
vn 0.6980 -0.0031 -0.7161
vn 0.7419 -0.0413 -0.6693
vn 0.6922 -0.0518 -0.7198
vn 0.8278 0.0171 0.5607
vn 0.8403 -0.0298 0.5412
vn 0.8074 -0.0303 0.5892
vn 0.9131 -0.1255 0.3881
vn 0.5639 -0.2043 0.8002
vn -0.7032 -0.0357 -0.7101
vn -0.7720 0.2542 -0.5826
vn -0.7938 -0.0609 -0.6051
vn -0.7159 -0.1959 -0.6701
vn 0.3672 -0.5936 -0.7161
vn 0.0582 -0.1683 -0.9840
vn 0.0098 0.2797 -0.9600
vn -0.7312 -0.0424 0.6808
vn -0.7819 0.1606 0.6024
vn -0.7799 0.0708 0.6219
vn -0.7664 0.0113 0.6422
vn 0.1241 -0.2286 0.9656
vn -0.0517 -0.0346 0.9981
vn -0.1142 0.0486 0.9923
vn -0.1413 -0.1814 0.9732
vn -0.2608 -0.0715 0.9627
vn -0.7706 0.0517 -0.6353
vn -0.7519 -0.0660 -0.6560
vn -0.2126 -0.0003 -0.9771
vn -0.2271 -0.0488 -0.9726
vn -0.8839 -0.1426 0.4455
vn -0.8777 0.0315 0.4782
vn -0.6525 -0.4157 -0.6336
vn -0.8591 -0.1908 -0.4750
vn -0.5577 -0.3272 -0.7628
vn -0.7073 -0.2548 -0.6594
vn -0.7358 -0.0846 -0.6719
vn -0.2256 -0.1309 -0.9654
vn -0.1618 -0.3046 -0.9387
vn -0.1948 -0.2627 -0.9450
vn -0.9218 0.2072 0.3276
vn -0.9744 0.1297 0.1834
vn -0.9088 -0.2878 0.3020
vn -0.0125 -0.5163 0.8563
vn -0.8020 -0.3049 0.5137
vn 0.0839 0.4420 0.8931
vn 0.0264 0.4532 0.8910
vn -0.0638 0.5243 0.8491
vn -0.2528 0.6378 0.7275
vn -0.0788 0.6605 0.7467
vn -0.1365 0.5690 0.8109
vn -0.4715 0.2746 0.8380
vn -0.5733 -0.0924 0.8141
vn -0.3377 0.3671 0.8667
vn -0.4394 0.1042 0.8922
vn -0.4068 0.2813 -0.8691
vn -0.4659 0.0666 -0.8824
vn -0.2656 0.5282 -0.8065
vn -0.3369 0.4531 -0.8254
vn -0.0903 -0.0822 -0.9925
vn -0.4243 -0.2839 -0.8599
vn -0.3356 -0.2136 -0.9175
vn -0.4838 0.4633 -0.7425
vn -0.2553 0.2330 -0.9384
vn -0.4991 0.2026 -0.8425
vn -0.7423 0.2473 -0.6227
vn -0.7602 0.2548 -0.5976
vn -0.5877 0.4853 -0.6474
vn -0.5181 0.2826 -0.8073
vn -0.4853 -0.2078 -0.8493
vn -0.7258 -0.2332 -0.6472
vn -0.6667 0.3760 0.6435
vn -0.6707 0.6415 0.3725
vn -0.9188 0.2731 0.2850
vn -0.7775 -0.0980 0.6211
vn -0.9688 -0.1501 0.1971
vn -0.5339 -0.2958 0.7921
vn -0.8417 -0.1938 0.5040
vn -0.4973 -0.8508 0.1699
vn -0.7814 -0.6209 0.0626
vn -0.5781 -0.0077 -0.8159
vn -0.5321 -0.3212 -0.7834
vn -0.8227 -0.0050 -0.5685
vn -0.8013 -0.2829 -0.5272
vn -0.3970 0.2377 0.8865
vn -0.7240 0.2685 0.6354
vn -0.4765 -0.0400 0.8783
vn -0.5647 0.0050 0.8253
vn 0.5315 -0.1032 0.8408
vn 0.4748 -0.1889 0.8596
vn -0.4914 0.0433 -0.8699
vn -0.4820 0.0173 -0.8760
vn -0.4476 0.0140 -0.8941
vn -0.4244 0.0032 -0.9055
vn 0.9499 -0.1661 -0.2649
vn 0.5292 -0.1469 -0.8357
vn 0.9203 -0.2255 -0.3197
vn 0.5791 -0.1635 -0.7987
vn 0.5653 -0.0599 0.8227
vn 0.5366 -0.0771 0.8403
vn -0.4731 0.0570 0.8792
vn -0.5726 -0.0140 0.8197
vn 0.7061 -0.0913 -0.7022
vn 0.9556 -0.1386 -0.2600
vn 0.6638 -0.1110 -0.7396
vn 0.9165 -0.1363 -0.3762
vn 0.6778 -0.0614 -0.7327
vn -0.5227 -0.5108 -0.6825
vn 0.6506 -0.1139 0.7508
vn -0.2593 -0.5622 0.7853
vn -0.6820 -0.6357 -0.3617
vn -0.8224 -0.4554 -0.3411
vn 0.6674 0.2682 0.6947
vn -0.9924 -0.0861 -0.0877
vn 0.9938 -0.0835 0.0732
vn -0.1072 0.1769 0.9784
vn 0.3593 -0.8268 -0.4328
vn 0.9408 -0.3282 -0.0851
vn -0.8651 -0.4025 -0.2993
vn -0.9071 -0.3805 -0.1798
vn -0.9190 0.2631 0.2935
vn -0.9957 0.0487 -0.0792
vn -0.7599 0.1037 -0.6418
vn 0.0857 0.2052 -0.9750
vn 0.7661 0.0894 -0.6365
vn 0.9956 0.0572 -0.0746
vn 0.8750 0.2793 0.3955
vn -0.0071 -1.0000 0.0053
vn 0.5625 -0.8236 0.0732
vn 0.9581 -0.2622 0.1156
vn -0.9196 -0.3926 -0.0154
vn -0.5236 -0.8519 -0.0100
vn -0.9442 0.1121 -0.3097
vn -0.9609 0.0983 -0.2589
vn -0.6596 0.6663 -0.3479
vn -0.9286 0.2800 -0.2434
vn -0.9675 -0.0202 -0.2522
vn -0.9367 -0.2321 -0.2622
vn -0.7583 0.5720 0.3126
vn -0.9260 -0.0114 -0.3774
vn -0.9045 0.0692 -0.4209
vn -0.9770 0.0041 0.2130
vn -0.9583 0.1711 0.2289
vn -0.9061 0.2810 -0.3163
vn -0.5910 0.6641 -0.4578
vn -0.8819 -0.2923 -0.3700
vn -0.3561 0.8024 -0.4789
vn -0.2520 0.8534 -0.4562
vn -0.3539 0.8450 -0.4009
vn -0.8364 -0.4627 -0.2938
vn -0.8913 0.2857 -0.3522
vn -0.6799 0.6648 -0.3095
vn -0.9893 0.0366 -0.1413
vn -0.3116 0.8926 -0.3258
vn -0.7625 -0.5064 0.4026
vn 0.6026 -0.5389 0.5886
vn 0.8220 -0.0043 -0.5695
vn 0.9771 -0.1715 0.1263
vn -0.9710 -0.1792 0.1584
vn -0.8161 -0.0037 -0.5779
vn 0.0793 0.0387 -0.9961
vn -0.0453 -0.4437 0.8950
vn 0.0811 0.0727 -0.9941
vn -0.7860 0.0254 -0.6178
vn -0.9893 -0.1192 -0.0842
vn 0.9912 -0.1052 -0.0802
vn 0.7856 0.0248 -0.6183
vn 0.5841 -0.4782 0.6559
vn -0.5974 -0.4200 0.6831
usemtl WomanMaterial
s off
f 1/1/1 2/2/1 3/3/1 4/4/1
f 5/5/2 6/6/2 7/7/2 8/8/2
f 9/9/3 1/1/3 4/4/3 10/10/3
f 11/11/4 12/12/4 13/13/4 14/14/4
f 15/15/5 16/16/5 17/17/5 18/18/5
f 19/19/6 20/20/6 21/21/6 22/22/6
f 23/23/7 24/24/7 25/25/7 26/26/7
f 27/27/8 28/28/8 29/29/8 30/30/8
f 22/22/9 21/21/9 6/6/9 5/5/9
f 24/24/10 1/1/10 9/9/10 25/25/10
f 31/31/11 23/23/11 26/26/11 32/32/11
f 33/33/12 34/34/12 20/20/12 19/19/12
f 35/35/13 36/36/13 37/37/13 38/38/13
f 16/16/14 27/27/14 39/39/14 40/40/14
f 12/12/15 41/41/15 36/36/15 35/35/15
f 42/42/16 43/43/16 44/44/16 45/45/16
f 41/41/17 46/46/17 43/43/17 42/42/17
f 46/46/18 47/47/18 48/48/18 49/49/18
f 50/50/19 15/15/19 51/51/19 52/52/19
f 53/53/20 54/54/20 55/55/20 56/56/20
f 57/57/21 58/58/21 59/59/21 60/60/21
f 38/38/22 37/37/22 61/61/22 62/62/22
f 14/14/23 13/13/23 63/63/23 64/64/23
f 18/18/24 17/17/24 65/65/24 66/66/24
f 40/40/25 39/39/25 54/54/25 53/53/25
f 49/49/26 48/48/26 58/58/26 57/57/26
f 52/52/27 51/51/27 67/67/27 68/68/27
f 30/30/28 29/29/28 69/69/28 70/70/28
f 68/68/29 67/67/29 71/71/29 72/72/29
f 70/70/30 69/69/30 73/73/30 74/74/30
f 45/45/31 44/44/31 75/75/31 76/76/31
f 66/66/32 65/65/32 77/77/32 78/78/32
f 64/64/33 63/63/33 79/79/33 80/80/33
f 50/50/34 33/33/34 19/19/34 15/15/34
f 47/47/35 46/46/35 23/23/35 31/31/35
f 41/41/36 12/12/36 1/1/36 24/24/36
f 16/16/37 22/22/37 5/5/37 27/27/37
f 46/46/38 41/41/38 24/24/38 23/23/38
f 15/15/39 19/19/39 22/22/39 16/16/39
f 27/27/40 5/5/40 8/8/40 28/28/40
f 12/12/41 11/11/41 2/2/41 1/1/41
f 7/7/42 280/81/42 81/82/42 82/83/42
f 7/7/43 6/6/43 351/84/43 280/81/43
f 25/25/44 9/9/44 321/85/44 322/86/44
f 20/20/45 34/34/45 379/87/45 350/88/45
f 26/26/46 25/25/46 322/86/46 414/89/46
f 6/6/47 21/21/47 499/90/47 351/84/47
f 32/32/48 26/26/48 414/89/48 378/91/48
f 21/21/49 20/20/49 350/88/49 499/90/49
f 4/4/50 3/3/50 83/92/50 10/10/50
f 10/10/51 83/92/51 84/93/51 85/94/51
f 281/95/52 321/85/52 85/94/52 84/93/52
f 8/8/53 7/7/53 82/83/53 86/96/53
f 321/85/54 9/9/54 10/10/54 85/94/54
f 86/96/55 82/83/55 87/97/55 88/98/55
f 83/92/56 3/3/56 89/99/56 90/100/56
f 90/100/57 89/99/57 91/101/57 92/102/57
f 88/98/58 87/97/58 93/103/58 94/104/58
f 92/102/59 91/101/59 95/105/59 96/106/59
f 94/104/60 93/103/60 97/107/60 98/108/60
f 81/109/61 280/110/61 281/95/61 84/93/61
f 82/111/62 81/109/62 84/93/62 83/92/62
f 87/112/63 82/111/63 83/92/63 90/100/63
f 93/113/64 87/112/64 90/100/64 92/102/64
f 97/114/65 93/113/65 92/102/65 96/106/65
f 98/115/66 97/114/66 96/106/66 95/105/66
f 94/116/67 98/115/67 95/105/67 91/101/67
f 88/117/68 94/116/68 91/101/68 89/99/68
f 86/118/69 88/117/69 89/99/69 3/3/69
f 8/119/70 86/118/70 3/3/70 2/2/70
f 28/120/71 8/119/71 2/2/71 11/11/71
f 29/121/72 28/120/72 11/11/72 14/14/72
f 69/122/73 29/121/73 14/14/73 64/64/73
f 73/123/74 69/122/74 64/64/74 80/80/74
f 74/124/75 73/123/75 80/80/75 79/79/75
f 70/125/76 74/124/76 79/79/76 63/63/76
f 30/126/77 70/125/77 63/63/77 13/13/77
f 27/127/78 30/126/78 13/13/78 12/12/78
f 39/128/79 27/127/79 12/12/79 35/35/79
f 54/129/80 39/128/80 35/35/80 38/38/80
f 55/130/81 54/129/81 38/38/81 62/62/81
f 56/131/82 55/130/82 62/62/82 61/61/82
f 53/132/83 56/131/83 61/61/83 37/37/83
f 40/133/84 53/132/84 37/37/84 36/36/84
f 16/134/85 40/133/85 36/36/85 41/41/85
f 17/135/86 16/134/86 41/41/86 42/42/86
f 65/136/87 17/135/87 42/42/87 45/45/87
f 77/137/88 65/136/88 45/45/88 76/76/88
f 78/138/89 77/137/89 76/76/89 75/75/89
f 66/139/90 78/138/90 75/75/90 44/44/90
f 18/140/91 66/139/91 44/44/91 43/43/91
f 15/141/92 18/140/92 43/43/92 46/46/92
f 51/142/93 15/141/93 46/46/93 49/49/93
f 67/143/94 51/142/94 49/49/94 57/57/94
f 71/144/95 67/143/95 57/57/95 60/60/95
f 72/145/89 71/144/89 60/60/89 59/59/89
f 68/146/96 72/145/96 59/59/96 58/58/96
f 52/147/97 68/146/97 58/58/97 48/48/97
f 50/148/98 52/147/98 48/48/98 47/47/98
f 33/149/99 50/148/99 47/47/99 31/31/99
f 34/150/100 33/149/100 31/31/100 32/32/100
f 379/151/101 34/150/101 32/32/101 378/91/101
f 102/152/102 101/153/102 100/154/102 99/155/102
f 104/156/103 204/157/103 205/158/103 103/159/103
f 102/152/104 99/155/104 104/156/104 103/159/104
f 110/160/105 109/161/105 108/162/105 107/163/105
f 105/164/106 106/165/106 111/166/106 112/167/106
f 112/167/107 111/166/107 109/161/107 110/160/107
f 120/168/108 119/169/108 118/170/108 117/171/108
f 124/172/109 123/173/109 122/174/109 121/175/109
f 118/170/110 119/169/110 121/176/110 122/177/110
f 302/178/111 195/179/111 192/180/111 301/181/111
f 126/182/112 335/183/112 336/184/112 125/185/112
f 301/181/113 192/180/113 125/185/113 336/184/113
f 242/186/114 393/187/114 392/188/114 243/189/114
f 214/190/115 175/191/115 174/192/115 213/193/115
f 393/187/116 242/186/116 213/193/116 174/192/116
f 134/194/117 133/195/117 132/196/117 131/197/117
f 138/198/118 137/199/118 136/200/118 135/201/118
f 131/202/119 132/203/119 136/200/119 137/199/119
f 142/204/120 141/205/120 140/206/120 139/207/120
f 482/208/121 483/209/121 459/210/121 461/211/121
f 1035/212/122 1083/213/122 413/214/122 145/215/122
f 204/157/123 104/156/123 145/215/123 413/214/123
f 149/216/124 148/217/124 147/218/124 146/219/124
f 128/220/125 129/221/125 147/218/125 148/217/125
f 1037/222/126 1036/223/126 151/224/126 150/225/126
f 1039/226/127 1038/227/127 153/228/127 152/229/127
f 151/224/128 1036/223/128 1039/226/128 152/229/128
f 1040/230/129 1049/231/129 181/232/129 156/233/129
f 155/234/130 154/235/130 156/233/130 181/232/130
f 1042/236/131 1041/237/131 158/238/131 157/239/131
f 158/238/132 1041/237/132 1043/240/132 159/241/132
f 159/241/133 1043/240/133 1037/222/133 150/225/133
f 107/163/134 108/162/134 152/229/134 153/228/134
f 165/242/135 164/243/135 163/244/135 162/245/135
f 161/246/136 160/247/136 166/248/136 167/249/136
f 167/250/137 166/251/137 168/252/137 169/253/137
f 169/253/138 168/252/138 163/244/138 164/243/138
f 171/254/139 170/255/139 172/256/139 173/257/139
f 173/257/140 172/256/140 174/192/140 175/191/140
f 1046/258/141 1045/259/141 178/260/141 177/261/141
f 176/262/142 1044/263/142 1047/264/142 179/265/142
f 179/265/143 1047/264/143 1046/258/143 177/261/143
f 1048/266/144 180/267/144 182/268/144 1050/269/144
f 1050/269/145 182/268/145 183/270/145 1051/271/145
f 1051/271/146 183/270/146 181/272/146 1049/273/146
f 1084/274/147 1052/275/147 185/276/147 484/277/147
f 485/278/148 486/279/148 187/280/148 186/281/148
f 484/277/149 185/276/149 190/282/149 487/283/149
f 487/283/150 190/282/150 189/284/150 485/278/150
f 195/179/151 194/285/151 193/286/151 192/180/151
f 456/287/152 457/288/152 197/289/152 196/290/152
f 194/285/153 195/179/153 196/290/153 197/289/153
f 131/291/154 199/292/154 198/293/154 134/294/154
f 203/295/155 202/296/155 201/297/155 200/298/155
f 205/158/156 204/157/156 203/295/156 200/298/156
f 1055/299/157 1054/300/157 207/301/157 206/302/157
f 185/276/158 1052/275/158 1056/303/158 208/304/158
f 208/304/159 1056/303/159 1055/299/159 206/302/159
f 220/305/160 219/306/160 218/307/160 217/308/160
f 218/307/161 219/306/161 108/162/161 109/161/161
f 1058/309/162 1057/310/162 222/311/162 221/312/162
f 222/311/163 1057/310/163 1059/313/163 223/314/163
f 223/314/164 1059/313/164 1053/315/164 184/316/164
f 1048/317/165 1061/318/165 225/319/165 180/320/165
f 225/319/166 1061/318/166 1062/321/166 226/322/166
f 226/322/167 1062/321/167 1060/323/167 224/324/167
f 465/325/168 463/326/168 228/327/168 227/328/168
f 224/324/169 1060/323/169 1042/236/169 157/239/169
f 229/329/170 230/330/170 140/206/170 141/205/170
f 130/331/171 127/332/171 231/333/171 467/334/171
f 467/334/172 231/333/172 103/159/172 205/158/172
f 138/335/173 233/336/173 232/337/173 137/338/173
f 199/292/174 131/291/174 137/338/174 232/337/174
f 241/339/175 240/340/175 239/341/175 238/342/175
f 236/343/176 237/344/176 239/341/176 240/340/176
f 1064/345/177 1063/346/177 247/347/177 246/348/177
f 207/301/178 1054/300/178 1064/345/178 246/348/178
f 250/349/179 1065/350/179 1066/351/179 251/352/179
f 251/352/180 1066/351/180 1040/230/180 156/233/180
f 489/353/181 490/354/181 253/355/181 252/356/181
f 252/356/182 253/355/182 256/357/182 257/358/182
f 257/358/183 256/357/183 246/348/183 247/347/183
f 491/359/184 492/360/184 259/361/184 258/362/184
f 491/359/185 258/362/185 264/363/185 494/364/185
f 494/364/186 264/363/186 262/365/186 493/366/186
f 200/298/187 201/297/187 146/219/187 147/218/187
f 1069/367/188 1070/368/188 290/369/188 269/370/188
f 266/371/189 1067/372/189 1068/373/189 268/374/189
f 268/374/190 1068/373/190 1069/367/190 269/370/190
f 188/375/191 189/284/191 270/376/191 271/377/191
f 271/377/192 270/376/192 206/302/192 207/301/192
f 277/378/193 276/379/193 275/380/193 274/381/193
f 281/382/194 280/383/194 279/384/194 278/385/194
f 276/379/195 277/378/195 282/386/195 283/387/195
f 283/387/196 282/386/196 278/388/196 279/389/196
f 324/390/197 211/391/197 333/392/197 267/393/197
f 149/216/198 146/219/198 170/255/198 171/254/198
f 241/339/199 238/342/199 288/394/199 289/395/199
f 289/395/200 288/394/200 220/305/200 217/308/200
f 216/396/201 394/397/201 395/398/201 215/399/201
f 479/400/202 480/401/202 139/207/202 140/206/202
f 394/397/203 216/396/203 180/320/203 225/319/203
f 333/392/204 332/402/204 284/403/204 267/393/204
f 116/404/205 115/405/205 160/406/205 161/407/205
f 290/408/206 1070/409/206 1071/410/206 293/411/206
f 293/411/207 1071/410/207 1072/412/207 294/413/207
f 294/413/208 1072/412/208 1065/350/208 250/349/208
f 1074/414/209 1073/415/209 296/416/209 295/417/209
f 296/416/210 1073/415/210 1035/212/210 145/215/210
f 120/168/211 117/171/211 164/418/211 165/419/211
f 291/420/212 292/421/212 297/422/212 298/423/212
f 298/423/213 297/422/213 217/308/213 218/307/213
f 303/424/214 302/425/214 301/426/214 300/427/214
f 486/279/215 188/375/215 253/355/215 490/354/215
f 134/294/216 198/293/216 195/179/216 302/178/216
f 254/428/217 255/429/217 304/430/217 305/431/217
f 305/431/218 304/430/218 177/261/218 178/260/218
f 238/342/219 239/341/219 157/239/219 158/238/219
f 464/432/220 477/433/220 141/205/220 142/204/220
f 1076/434/221 1075/435/221 309/436/221 308/437/221
f 309/436/222 1075/435/222 1074/438/222 295/439/222
f 178/260/223 1045/259/223 1058/309/223 221/312/223
f 258/362/224 259/361/224 100/154/224 101/153/224
f 493/366/225 262/365/225 313/440/225 496/441/225
f 496/441/226 313/440/226 210/442/226 488/443/226
f 114/444/227 113/445/227 317/446/227 318/447/227
f 322/448/228 321/449/228 320/450/228 319/451/228
f 320/450/229 321/449/229 281/382/229 278/385/229
f 106/165/230 105/164/230 323/452/230 324/390/230
f 324/390/231 323/452/231 212/453/231 211/391/231
f 269/370/232 290/369/232 243/189/232 392/188/232
f 1078/454/233 1077/455/233 326/456/233 325/457/233
f 153/458/234 1038/459/234 1078/454/234 325/457/234
f 197/289/235 460/460/235 144/461/235 194/285/235
f 458/462/236 227/328/236 193/286/236 143/463/236
f 148/464/237 149/465/237 240/340/237 241/339/237
f 186/281/238 187/280/238 327/466/238 328/467/238
f 328/467/239 327/466/239 221/312/239 222/311/239
f 101/153/240 102/152/240 329/468/240 330/469/240
f 330/469/241 329/468/241 273/470/241 272/471/241
f 295/417/242 296/416/242 99/155/242 100/154/242
f 337/472/243 336/473/243 335/474/243 334/475/243
f 165/242/244 162/245/244 338/476/244 339/477/244
f 339/477/245 338/476/245 340/478/245 341/479/245
f 341/479/246 340/478/246 342/480/246 343/481/246
f 343/481/247 342/480/247 337/482/247 334/483/247
f 133/195/248 134/194/248 302/425/248 303/424/248
f 219/306/249 220/305/249 150/225/249 151/224/249
f 497/484/250 498/485/250 345/486/250 344/487/250
f 499/488/251 350/489/251 349/490/251 500/491/251
f 498/492/252 346/493/252 352/494/252 501/495/252
f 501/495/253 352/494/253 348/496/253 500/497/253
f 119/169/254 120/168/254 356/498/254 357/499/254
f 357/499/255 356/498/255 358/500/255 359/501/255
f 359/501/256 358/500/256 360/502/256 361/503/256
f 361/503/257 360/502/257 135/504/257 136/505/257
f 365/506/258 364/507/258 363/508/258 362/509/258
f 364/507/259 365/506/259 123/173/259 124/172/259
f 369/510/260 368/511/260 367/512/260 366/513/260
f 373/514/261 372/515/261 371/516/261 370/517/261
f 367/512/262 368/511/262 374/518/262 375/519/262
f 375/519/263 374/518/263 373/520/263 370/521/263
f 379/522/264 378/523/264 377/524/264 376/525/264
f 368/511/265 369/510/265 380/526/265 381/527/265
f 381/527/266 380/526/266 376/528/266 377/529/266
f 138/198/267 135/201/267 334/530/267 335/531/267
f 331/532/268 332/533/268 384/534/268 385/535/268
f 385/536/269 384/537/269 370/517/269 371/516/269
f 382/538/270 383/539/270 386/540/270 387/541/270
f 387/542/271 386/543/271 274/381/271 275/380/271
f 1081/544/272 1080/545/272 389/546/272 388/547/272
f 202/296/273 203/295/273 388/547/273 389/546/273
f 175/548/274 214/549/274 215/399/274 395/398/274
f 260/550/275 261/551/275 110/160/275 107/163/275
f 244/552/276 245/553/276 315/554/276 316/555/276
f 354/556/277 1079/557/277 1076/434/277 308/437/277
f 286/558/278 285/559/278 390/560/278 391/561/278
f 391/561/279 390/560/279 392/188/279 393/187/279
f 326/456/280 1077/455/280 1044/263/280 176/262/280
f 395/398/281 394/397/281 396/562/281 397/563/281
f 397/563/282 396/562/282 237/344/282 236/343/282
f 502/564/283 400/565/283 399/566/283 503/567/283
f 399/566/284 400/565/284 402/568/284 403/569/284
f 403/569/285 402/568/285 325/457/285 326/456/285
f 132/570/286 133/571/286 404/572/286 405/573/286
f 405/573/287 404/572/287 406/574/287 407/575/287
f 407/575/288 406/574/288 408/576/288 409/577/288
f 409/577/289 408/576/289 124/172/289 121/175/289
f 233/336/290 138/335/290 335/183/290 126/182/290
f 247/347/291 1063/346/291 1082/578/291 410/579/291
f 410/579/292 1082/578/292 1079/557/292 354/556/292
f 489/353/293 252/356/293 411/580/293 504/581/293
f 504/581/294 411/580/294 310/582/294 495/583/294
f 413/214/295 1083/213/295 1081/544/295 388/547/295
f 362/509/296 363/508/296 162/245/296 163/244/296
f 377/524/297 378/523/297 414/584/297 415/585/297
f 415/585/298 414/584/298 322/586/298 319/587/298
f 349/490/299 350/489/299 379/522/299 376/525/299
f 275/380/300 276/379/300 346/493/300 347/588/300
f 272/471/301 273/470/301 416/589/301 417/590/301
f 417/590/302 416/589/302 383/591/302 382/592/302
f 193/286/303 194/285/303 144/461/303 143/463/303
f 401/593/304 398/594/304 418/595/304 419/596/304
f 419/596/305 418/595/305 308/437/305 309/436/305
f 389/546/306 1080/545/306 1067/372/306 266/371/306
f 344/487/307 345/486/307 369/510/307 366/513/307
f 316/597/308 315/598/308 420/599/308 421/600/308
f 421/601/309 420/602/309 422/603/309 423/604/309
f 423/604/310 422/603/310 365/506/310 362/509/310
f 363/508/311 364/507/311 424/605/311 425/606/311
f 425/606/312 424/605/312 426/607/312 427/608/312
f 427/608/313 426/607/313 428/609/313 429/610/313
f 429/610/314 428/609/314 303/611/314 300/612/314
f 300/427/315 301/426/315 336/473/315 337/472/315
f 201/297/316 202/296/316 285/559/316 286/558/316
f 214/613/317 213/614/317 430/615/317 431/616/317
f 431/616/318 430/615/318 432/617/318 433/618/318
f 433/618/319 432/617/319 115/405/319 116/404/319
f 495/583/320 310/582/320 398/594/320 503/567/320
f 502/564/321 401/593/321 259/619/321 492/620/321
f 122/174/322 123/173/322 434/621/322 435/622/322
f 435/622/323 434/621/323 436/623/323 437/624/323
f 437/625/324 436/626/324 154/627/324 155/628/324
f 488/629/325 210/630/325 438/631/325 505/632/325
f 505/633/326 438/634/326 347/588/326 497/635/326
f 128/220/327 284/636/327 287/637/327 129/221/327
f 211/638/328 212/639/328 440/640/328 441/641/328
f 441/642/329 440/643/329 366/513/329 367/512/329
f 242/644/330 243/645/330 442/646/330 443/647/330
f 443/647/331 442/646/331 444/648/331 445/649/331
f 445/649/332 444/648/332 245/553/332 244/552/332
f 284/636/333 332/650/333 331/651/333 287/637/333
f 318/652/334 317/653/334 446/654/334 447/655/334
f 447/656/335 446/657/335 448/658/335 449/659/335
f 449/659/336 448/658/336 117/171/336 118/170/336
f 372/515/337 373/514/337 450/660/337 451/661/337
f 451/661/338 450/660/338 319/662/338 320/663/338
f 279/384/339 280/383/339 351/664/339 348/665/339
f 371/516/340 372/515/340 277/378/340 274/381/340
f 216/666/341 215/667/341 452/668/341 453/669/341
f 453/669/342 452/668/342 454/670/342 455/671/342
f 455/671/343 454/670/343 113/445/343 114/444/343
f 143/463/344 459/672/344 475/673/344 458/462/344
f 481/674/345 479/400/345 140/206/345 230/330/345
f 458/462/346 475/673/346 465/325/346 227/328/346
f 478/675/347 477/433/347 456/676/347 474/677/347
f 197/289/348 457/288/348 476/678/348 460/460/348
f 192/180/349 193/286/349 227/328/349 228/327/349
f 133/571/350 303/611/350 428/609/350 404/572/350
f 404/572/351 428/609/351 426/607/351 406/574/351
f 406/574/352 426/607/352 424/605/352 408/576/352
f 408/576/353 424/605/353 364/507/353 124/172/353
f 162/245/354 363/508/354 425/606/354 338/476/354
f 338/476/355 425/606/355 427/608/355 340/478/355
f 340/478/356 427/608/356 429/610/356 342/480/356
f 342/480/357 429/610/357 300/612/357 337/482/357
f 334/679/358 135/504/358 360/502/358 343/680/358
f 343/680/359 360/502/359 358/500/359 341/681/359
f 341/681/360 358/500/360 356/498/360 339/682/360
f 339/682/361 356/498/361 120/168/361 165/419/361
f 121/176/362 119/169/362 357/499/362 409/683/362
f 409/683/363 357/499/363 359/501/363 407/684/363
f 407/684/364 359/501/364 361/503/364 405/685/364
f 405/685/365 361/503/365 136/505/365 132/686/365
f 362/509/366 163/244/366 168/252/366 423/604/366
f 423/604/367 168/252/367 166/251/367 421/601/367
f 421/600/368 166/248/368 160/247/368 316/597/368
f 317/653/369 161/687/369 167/688/369 446/654/369
f 446/657/370 167/689/370 169/690/370 448/658/370
f 448/658/371 169/690/371 164/418/371 117/171/371
f 155/691/372 318/652/372 447/655/372 437/692/372
f 437/693/373 447/656/373 449/659/373 435/694/373
f 435/694/374 449/659/374 118/170/374 122/177/374
f 123/173/375 365/506/375 422/603/375 434/621/375
f 434/621/376 422/603/376 420/602/376 436/623/376
f 436/626/377 420/599/377 315/598/377 154/627/377
f 156/233/378 154/235/378 315/554/378 251/352/378
f 251/352/379 315/554/379 245/553/379 250/349/379
f 116/695/380 161/696/380 317/446/380 113/445/380
f 215/667/381 214/697/381 431/698/381 452/668/381
f 452/668/382 431/698/382 433/699/382 454/670/382
f 454/670/383 433/699/383 116/695/383 113/445/383
f 114/444/384 181/272/384 183/270/384 455/671/384
f 455/671/385 183/270/385 182/268/385 453/669/385
f 453/669/386 182/268/386 180/267/386 216/666/386
f 244/552/387 316/555/387 160/406/387 115/405/387
f 242/644/388 443/647/388 430/615/388 213/614/388
f 443/647/389 445/649/389 432/617/389 430/615/389
f 445/649/390 244/552/390 115/405/390 432/617/390
f 250/349/391 245/553/391 444/648/391 294/413/391
f 294/413/392 444/648/392 442/646/392 293/411/392
f 293/411/393 442/646/393 243/645/393 290/408/393
f 266/371/394 268/374/394 390/560/394 285/559/394
f 268/374/395 269/370/395 392/188/395 390/560/395
f 175/548/396 395/398/396 397/563/396 173/700/396
f 173/700/397 397/563/397 236/343/397 171/701/397
f 225/319/398 226/322/398 396/562/398 394/397/398
f 226/322/399 224/324/399 237/344/399 396/562/399
f 170/255/400 286/558/400 391/561/400 172/256/400
f 172/256/401 391/561/401 393/187/401 174/192/401
f 292/421/402 299/702/402 466/703/402 297/422/402
f 299/702/403 128/704/403 148/464/403 466/703/403
f 297/422/404 466/703/404 289/395/404 217/308/404
f 466/703/405 148/464/405 241/339/405 289/395/405
f 236/343/406 240/340/406 149/465/406 171/701/406
f 224/324/407 157/239/407 239/341/407 237/344/407
f 220/305/408 288/394/408 159/241/408 150/225/408
f 288/394/409 238/342/409 158/238/409 159/241/409
f 205/158/410 200/298/410 147/218/410 467/334/410
f 467/334/411 147/218/411 129/221/411 130/331/411
f 286/558/412 170/255/412 146/219/412 201/297/412
f 285/559/413 202/296/413 389/546/413 266/371/413
f 129/221/414 287/637/414 127/332/414 130/331/414
f 413/214/415 388/547/415 203/295/415 204/157/415
f 296/416/416 145/215/416 104/156/416 99/155/416
f 309/436/417 295/439/417 100/705/417 419/596/417
f 419/596/418 100/705/418 259/619/418 401/593/418
f 101/153/419 330/469/419 264/363/419 258/362/419
f 330/469/420 272/471/420 262/365/420 264/363/420
f 102/152/421 103/159/421 231/333/421 329/468/421
f 329/468/422 231/333/422 127/332/422 273/470/422
f 262/365/423 272/471/423 417/590/423 313/440/423
f 313/440/424 417/590/424 382/592/424 210/442/424
f 263/706/425 314/707/425 323/452/425 105/164/425
f 314/707/426 209/708/426 212/453/426 323/452/426
f 261/551/427 265/709/427 112/167/427 110/160/427
f 265/709/428 263/706/428 105/164/428 112/167/428
f 108/162/429 219/306/429 151/224/429 152/229/429
f 106/165/430 291/420/430 298/423/430 111/166/430
f 111/166/431 298/423/431 218/307/431 109/161/431
f 400/565/432 260/710/432 107/711/432 402/568/432
f 402/568/433 107/711/433 153/458/433 325/457/433
f 326/456/434 176/262/434 312/712/434 403/569/434
f 403/569/435 312/712/435 311/713/435 399/566/435
f 186/281/436 328/467/436 468/714/436 191/715/436
f 191/715/437 468/714/437 223/314/437 184/316/437
f 222/311/438 223/314/438 468/714/438 328/467/438
f 178/260/439 221/312/439 327/466/439 305/431/439
f 305/431/440 327/466/440 187/280/440 254/428/440
f 206/302/441 270/376/441 469/716/441 208/304/441
f 208/304/442 469/716/442 190/282/442 185/276/442
f 189/284/443 190/282/443 469/716/443 270/376/443
f 246/348/444 256/357/444 271/377/444 207/301/444
f 256/357/445 253/355/445 188/375/445 271/377/445
f 354/556/446 355/717/446 470/718/446 410/579/446
f 355/717/447 310/582/447 411/580/447 470/718/447
f 410/579/448 470/718/448 257/358/448 247/347/448
f 470/718/449 411/580/449 252/356/449 257/358/449
f 176/262/450 179/265/450 471/719/450 312/712/450
f 179/265/451 177/261/451 304/430/451 471/719/451
f 312/712/452 471/719/452 412/720/452 311/713/452
f 471/719/453 304/430/453 255/429/453 412/720/453
f 308/437/454 418/595/454 355/717/454 354/556/454
f 418/595/455 398/594/455 310/582/455 355/717/455
f 210/630/456 382/538/456 387/541/456 438/631/456
f 438/634/457 387/542/457 275/380/457 347/588/457
f 383/539/458 331/532/458 385/535/458 386/540/458
f 386/543/459 385/536/459 371/516/459 274/381/459
f 344/487/460 366/513/460 440/643/460 439/721/460
f 439/722/461 440/640/461 212/639/461 209/723/461
f 349/724/462 376/528/462 380/526/462 353/725/462
f 353/725/463 380/526/463 369/510/463 345/486/463
f 332/726/464 333/727/464 472/728/464 384/729/464
f 333/727/465 211/638/465 441/641/465 472/728/465
f 384/730/466 472/731/466 375/519/466 370/521/466
f 472/731/467 441/642/467 367/512/467 375/519/467
f 372/515/468 451/661/468 282/386/468 277/378/468
f 451/661/469 320/663/469 278/388/469 282/386/469
f 346/493/470 276/379/470 283/387/470 352/494/470
f 352/494/471 283/387/471 279/389/471 348/496/471
f 377/529/472 415/732/472 473/733/472 381/527/472
f 415/732/473 319/734/473 450/735/473 473/733/473
f 381/527/474 473/733/474 374/518/474 368/511/474
f 473/733/475 450/735/475 373/520/475 374/518/475
f 181/272/476 114/444/476 318/447/476 155/736/476
f 267/393/477 291/420/477 106/165/477 324/390/477
f 287/637/478 331/651/478 383/591/478 416/589/478
f 273/470/479 127/332/479 287/637/479 416/589/479
f 291/420/480 267/393/480 284/403/480 292/421/480
f 128/704/481 299/702/481 292/421/481 284/403/481
f 460/460/482 476/678/482 461/737/482 144/461/482
f 228/327/483 463/326/483 462/738/483 234/739/483
f 249/740/484 474/741/484 456/287/484 196/290/484
f 144/461/485 461/737/485 459/672/485 143/463/485
f 229/329/486 141/205/486 477/433/486 478/675/486
f 457/742/487 456/676/487 477/433/487 464/432/487
f 462/743/488 463/744/488 479/400/488 481/674/488
f 463/744/489 465/745/489 480/401/489 479/400/489
f 125/185/490 192/180/490 228/327/490 234/739/490
f 126/182/491 125/185/491 234/739/491 235/746/491
f 233/336/492 126/182/492 235/746/492 306/747/492
f 232/337/493 233/336/493 306/747/493 307/748/493
f 199/292/494 232/337/494 307/748/494 248/749/494
f 198/293/495 199/292/495 248/749/495 249/740/495
f 195/179/496 198/293/496 249/740/496 196/290/496
f 142/204/497 139/207/497 483/209/497 482/208/497
f 507/750/498 464/432/498 142/204/498 482/208/498
f 507/750/499 476/751/499 457/742/499 464/432/499
f 465/745/500 475/752/500 506/753/500 480/401/500
f 480/401/501 506/753/501 483/209/501 139/207/501
f 439/721/502 505/754/502 497/484/502 344/487/502
f 209/723/503 488/755/503 505/756/503 439/722/503
f 400/565/504 502/564/504 492/620/504 260/710/504
f 311/713/505 495/583/505 503/567/505 399/566/505
f 412/720/506 504/581/506 495/583/506 311/713/506
f 255/429/507 489/353/507 504/581/507 412/720/507
f 401/593/508 502/564/508 503/567/508 398/594/508
f 353/725/509 501/757/509 500/758/509 349/724/509
f 345/486/510 498/485/510 501/757/510 353/725/510
f 351/664/511 499/759/511 500/760/511 348/665/511
f 347/588/512 346/493/512 498/492/512 497/635/512
f 314/707/513 496/761/513 488/762/513 209/708/513
f 263/706/514 493/763/514 496/761/514 314/707/514
f 187/280/515 486/279/515 490/354/515 254/428/515
f 265/709/516 494/764/516 493/763/516 263/706/516
f 261/551/517 491/765/517 494/764/517 265/709/517
f 261/551/518 260/550/518 492/766/518 491/765/518
f 255/429/519 254/428/519 490/354/519 489/353/519
f 191/715/520 487/283/520 485/278/520 186/281/520
f 184/316/521 484/277/521 487/283/521 191/715/521
f 189/284/522 188/375/522 486/279/522 485/278/522
f 1053/315/523 1084/274/523 484/277/523 184/316/523
f 459/210/524 483/209/524 506/753/524 475/752/524
f 461/211/525 476/751/525 507/750/525 482/208/525
f 515/767/526 514/768/526 513/769/526 510/770/526
f 474/677/527 515/767/527 510/770/527 511/771/527
f 516/772/528 462/743/528 508/773/528 509/774/528
f 517/775/529 516/772/529 509/774/529 512/776/529
f 514/768/530 517/775/530 512/776/530 513/769/530
f 512/776/531 509/774/531 510/770/531 513/769/531
f 509/774/531 508/773/531 511/771/531 510/770/531
f 229/329/532 511/771/532 508/773/532 230/330/532
f 307/748/533 306/747/533 517/777/533 514/778/533
f 306/747/534 235/746/534 516/779/534 517/777/534
f 235/746/535 234/739/535 462/738/535 516/779/535
f 249/740/536 248/749/536 515/780/536 474/741/536
f 248/749/537 307/748/537 514/778/537 515/780/537
f 474/677/538 511/771/538 229/329/538 478/675/538
f 462/743/539 481/674/539 230/330/539 508/773/539
f 518/781/540 521/782/540 520/783/540 519/784/540
f 522/785/541 525/786/541 524/787/541 523/788/541
f 526/789/542 527/790/542 521/782/542 518/781/542
f 528/791/543 531/792/543 530/793/543 529/794/543
f 532/795/544 535/796/544 534/797/544 533/798/544
f 536/799/545 539/800/545 538/801/545 537/802/545
f 540/803/546 543/804/546 542/805/546 541/806/546
f 544/807/547 547/808/547 546/809/547 545/810/547
f 539/800/548 522/785/548 523/788/548 538/801/548
f 541/806/549 542/805/549 526/789/549 518/781/549
f 548/811/550 549/812/550 543/804/550 540/803/550
f 550/813/551 536/799/551 537/802/551 551/814/551
f 552/815/552 555/816/552 554/817/552 553/818/552
f 533/798/553 557/819/553 556/820/553 544/807/553
f 529/794/554 552/815/554 553/818/554 558/821/554
f 559/822/555 562/823/555 561/824/555 560/825/555
f 558/821/556 559/822/556 560/825/556 563/826/556
f 563/826/557 566/827/557 565/828/557 564/829/557
f 567/830/558 569/831/558 568/832/558 532/795/558
f 570/833/559 573/834/559 572/835/559 571/836/559
f 574/837/560 577/838/560 576/839/560 575/840/560
f 555/816/561 579/841/561 578/842/561 554/817/561
f 531/792/562 581/843/562 580/844/562 530/793/562
f 535/796/563 583/845/563 582/846/563 534/797/563
f 557/819/564 570/833/564 571/836/564 556/820/564
f 566/827/565 574/837/565 575/840/565 565/828/565
f 569/831/566 585/847/566 584/848/566 568/832/566
f 547/808/567 587/849/567 586/850/567 546/809/567
f 585/847/568 589/851/568 588/852/568 584/848/568
f 587/849/569 591/853/569 590/854/569 586/850/569
f 562/823/570 593/855/570 592/856/570 561/824/570
f 583/845/571 595/857/571 594/858/571 582/846/571
f 581/843/572 597/859/572 596/860/572 580/844/572
f 567/830/573 532/795/573 536/799/573 550/813/573
f 564/829/574 548/811/574 540/803/574 563/826/574
f 558/821/575 541/806/575 518/781/575 529/794/575
f 533/798/576 544/807/576 522/785/576 539/800/576
f 563/826/577 540/803/577 541/806/577 558/821/577
f 532/795/578 533/798/578 539/800/578 536/799/578
f 544/807/579 545/810/579 525/786/579 522/785/579
f 529/794/580 518/781/580 519/784/580 528/791/580
f 524/787/581 599/861/581 598/862/581 797/863/581
f 524/787/582 797/863/582 868/864/582 523/788/582
f 542/805/583 839/865/583 838/866/583 526/789/583
f 537/802/584 867/867/584 896/868/584 551/814/584
f 543/804/585 931/869/585 839/865/585 542/805/585
f 523/788/586 868/864/586 1016/870/586 538/801/586
f 549/812/587 895/871/587 931/869/587 543/804/587
f 538/801/588 1016/870/588 867/867/588 537/802/588
f 521/782/589 527/790/589 600/872/589 520/783/589
f 527/790/590 602/873/590 601/874/590 600/872/590
f 798/875/591 601/874/591 602/873/591 838/866/591
f 525/786/592 603/876/592 599/861/592 524/787/592
f 838/866/593 602/873/593 527/790/593 526/789/593
f 603/876/594 605/877/594 604/878/594 599/861/594
f 600/872/595 607/879/595 606/880/595 520/783/595
f 607/879/596 609/881/596 608/882/596 606/880/596
f 605/877/597 611/883/597 610/884/597 604/878/597
f 609/881/598 613/885/598 612/886/598 608/882/598
f 611/883/599 615/887/599 614/888/599 610/884/599
f 598/889/600 601/874/600 798/875/600 797/890/600
f 599/891/601 600/872/601 601/874/601 598/889/601
f 604/892/602 607/879/602 600/872/602 599/891/602
f 610/893/603 609/881/603 607/879/603 604/892/603
f 614/894/604 613/885/604 609/881/604 610/893/604
f 615/895/605 612/886/605 613/885/605 614/894/605
f 611/896/606 608/882/606 612/886/606 615/895/606
f 605/897/607 606/880/607 608/882/607 611/896/607
f 603/898/608 520/783/608 606/880/608 605/897/608
f 525/899/609 519/784/609 520/783/609 603/898/609
f 545/900/610 528/791/610 519/784/610 525/899/610
f 546/901/611 531/792/611 528/791/611 545/900/611
f 586/902/612 581/843/612 531/792/612 546/901/612
f 590/903/613 597/859/613 581/843/613 586/902/613
f 591/904/614 596/860/614 597/859/614 590/903/614
f 587/905/615 580/844/615 596/860/615 591/904/615
f 547/906/616 530/793/616 580/844/616 587/905/616
f 544/907/617 529/794/617 530/793/617 547/906/617
f 556/908/618 552/815/618 529/794/618 544/907/618
f 571/909/619 555/816/619 552/815/619 556/908/619
f 572/910/620 579/841/620 555/816/620 571/909/620
f 573/911/621 578/842/621 579/841/621 572/910/621
f 570/912/622 554/817/622 578/842/622 573/911/622
f 557/913/623 553/818/623 554/817/623 570/912/623
f 533/914/624 558/821/624 553/818/624 557/913/624
f 534/915/625 559/822/625 558/821/625 533/914/625
f 582/916/626 562/823/626 559/822/626 534/915/626
f 594/917/627 593/855/627 562/823/627 582/916/627
f 595/918/628 592/856/628 593/855/628 594/917/628
f 583/919/629 561/824/629 592/856/629 595/918/629
f 535/920/630 560/825/630 561/824/630 583/919/630
f 532/921/631 563/826/631 560/825/631 535/920/631
f 568/922/632 566/827/632 563/826/632 532/921/632
f 584/923/633 574/837/633 566/827/633 568/922/633
f 588/924/634 577/838/634 574/837/634 584/923/634
f 589/925/628 576/839/628 577/838/628 588/924/628
f 585/926/635 575/840/635 576/839/635 589/925/635
f 569/927/636 565/828/636 575/840/636 585/926/636
f 567/928/637 564/829/637 565/828/637 569/927/637
f 550/929/638 548/811/638 564/829/638 567/928/638
f 551/930/639 549/812/639 548/811/639 550/929/639
f 896/931/640 895/871/640 549/812/640 551/930/640
f 619/932/641 616/933/641 617/934/641 618/935/641
f 621/936/642 620/937/642 722/938/642 721/939/642
f 619/932/643 620/937/643 621/936/643 616/933/643
f 627/940/644 624/941/644 625/942/644 626/943/644
f 622/944/645 629/945/645 628/946/645 623/947/645
f 629/945/646 627/940/646 626/943/646 628/946/646
f 637/948/647 634/949/647 635/950/647 636/951/647
f 641/952/648 638/953/648 639/954/648 640/955/648
f 635/950/649 639/956/649 638/957/649 636/951/649
f 819/958/650 818/959/650 709/960/650 712/961/650
f 643/962/651 642/963/651 853/964/651 852/965/651
f 818/959/652 853/964/652 642/963/652 709/960/652
f 759/966/653 760/967/653 909/968/653 910/969/653
f 731/970/654 730/971/654 691/972/654 692/973/654
f 910/969/655 691/972/655 730/971/655 759/966/655
f 651/974/656 648/975/656 649/976/656 650/977/656
f 655/978/657 652/979/657 653/980/657 654/981/657
f 648/982/658 654/981/658 653/980/658 649/983/658
f 659/984/659 656/985/659 657/986/659 658/987/659
f 999/988/660 978/989/660 976/990/660 1000/991/660
f 1035/212/661 662/992/661 930/993/661 1083/213/661
f 721/939/662 930/993/662 662/992/662 621/936/662
f 666/994/663 663/995/663 664/996/663 665/997/663
f 645/998/664 665/997/664 664/996/664 646/999/664
f 1037/222/665 667/1000/665 668/1001/665 1036/223/665
f 1039/226/666 669/1002/666 670/1003/666 1038/227/666
f 668/1001/667 669/1002/667 1039/226/667 1036/223/667
f 1040/230/668 673/1004/668 698/1005/668 1049/231/668
f 672/1006/669 698/1005/669 673/1004/669 671/1007/669
f 1042/236/670 674/1008/670 675/1009/670 1041/237/670
f 675/1009/671 676/1010/671 1043/240/671 1041/237/671
f 676/1010/672 667/1000/672 1037/222/672 1043/240/672
f 624/941/673 670/1003/673 669/1002/673 625/942/673
f 682/1011/674 679/1012/674 680/1013/674 681/1014/674
f 678/1015/675 684/1016/675 683/1017/675 677/1018/675
f 684/1019/676 686/1020/676 685/1021/676 683/1022/676
f 686/1020/677 681/1014/677 680/1013/677 685/1021/677
f 688/1023/678 690/1024/678 689/1025/678 687/1026/678
f 690/1024/679 692/973/679 691/972/679 689/1025/679
f 1046/1027/680 694/1028/680 695/1029/680 1045/1030/680
f 693/1031/681 696/1032/681 1047/1033/681 1044/1034/681
f 696/1032/682 694/1028/682 1046/1027/682 1047/1033/682
f 1048/266/683 1050/269/683 699/1035/683 697/1036/683
f 1050/269/684 1051/271/684 700/1037/684 699/1035/684
f 1051/271/685 1049/273/685 698/1038/685 700/1037/685
f 1084/1039/686 1001/1040/686 702/1041/686 1052/1042/686
f 1002/1043/687 703/1044/687 704/1045/687 1003/1046/687
f 1001/1040/688 1004/1047/688 707/1048/688 702/1041/688
f 1004/1047/689 1002/1043/689 706/1049/689 707/1048/689
f 712/961/690 709/960/690 710/1050/690 711/1051/690
f 973/1052/691 713/1053/691 714/1054/691 974/1055/691
f 711/1051/692 714/1054/692 713/1053/692 712/961/692
f 648/1056/693 651/1057/693 715/1058/693 716/1059/693
f 720/1060/694 717/1061/694 718/1062/694 719/1063/694
f 722/938/695 717/1061/695 720/1060/695 721/939/695
f 1055/299/696 723/1064/696 724/1065/696 1054/300/696
f 702/1041/697 725/1066/697 1056/303/697 1052/1042/697
f 725/1066/698 723/1064/698 1055/299/698 1056/303/698
f 737/1067/699 734/1068/699 735/1069/699 736/1070/699
f 735/1069/700 626/943/700 625/942/700 736/1070/700
f 1058/1071/701 738/1072/701 739/1073/701 1057/1074/701
f 739/1073/702 740/1075/702 1059/1076/702 1057/1074/702
f 740/1075/703 701/1077/703 1053/1078/703 1059/1076/703
f 1048/317/704 697/1079/704 742/1080/704 1061/318/704
f 742/1080/705 743/1081/705 1062/321/705 1061/318/705
f 743/1081/706 741/1082/706 1060/323/706 1062/321/706
f 982/1083/707 744/1084/707 745/1085/707 980/1086/707
f 741/1082/708 674/1008/708 1042/236/708 1060/323/708
f 746/1087/709 658/987/709 657/986/709 747/1088/709
f 647/1089/710 984/1090/710 748/1091/710 644/1092/710
f 984/1090/711 722/938/711 620/937/711 748/1091/711
f 655/1093/712 654/1094/712 749/1095/712 750/1096/712
f 716/1059/713 749/1095/713 654/1094/713 648/1056/713
f 758/1097/714 755/1098/714 756/1099/714 757/1100/714
f 753/1101/715 757/1100/715 756/1099/715 754/1102/715
f 1064/345/716 763/1103/716 764/1104/716 1063/346/716
f 724/1065/717 763/1103/717 1064/345/717 1054/300/717
f 767/1105/718 768/1106/718 1066/351/718 1065/350/718
f 768/1106/719 673/1004/719 1040/230/719 1066/351/719
f 1006/1107/720 769/1108/720 770/1109/720 1007/1110/720
f 769/1108/721 774/1111/721 773/1112/721 770/1109/721
f 774/1111/722 764/1104/722 763/1103/722 773/1112/722
f 1008/1113/723 775/1114/723 776/1115/723 1009/1116/723
f 1008/1113/724 1011/1117/724 781/1118/724 775/1114/724
f 1011/1117/725 1010/1119/725 779/1120/725 781/1118/725
f 717/1061/726 664/996/726 663/995/726 718/1062/726
f 1069/367/727 786/1121/727 807/1122/727 1070/368/727
f 783/1123/728 785/1124/728 1068/373/728 1067/372/728
f 785/1124/729 786/1121/729 1069/367/729 1068/373/729
f 705/1125/730 788/1126/730 787/1127/730 706/1049/730
f 788/1126/731 724/1065/731 723/1064/731 787/1127/731
f 794/1128/732 791/1129/732 792/1130/732 793/1131/732
f 798/1132/733 795/1133/733 796/1134/733 797/1135/733
f 793/1131/734 800/1136/734 799/1137/734 794/1128/734
f 800/1136/735 796/1138/735 795/1139/735 799/1137/735
f 841/1140/736 784/1141/736 850/1142/736 728/1143/736
f 666/994/737 688/1023/737 687/1026/737 663/995/737
f 758/1097/738 806/1144/738 805/1145/738 755/1098/738
f 806/1144/739 734/1068/739 737/1067/739 805/1145/739
f 733/1146/740 732/1147/740 912/1148/740 911/1149/740
f 996/1150/741 657/986/741 656/985/741 997/1151/741
f 911/1149/742 742/1080/742 697/1079/742 733/1146/742
f 850/1142/743 784/1141/743 801/1152/743 849/1153/743
f 633/1154/744 678/1155/744 677/1156/744 632/1157/744
f 807/1158/745 810/1159/745 1071/410/745 1070/409/745
f 810/1159/746 811/1160/746 1072/412/746 1071/410/746
f 811/1160/747 767/1105/747 1065/350/747 1072/412/747
f 1074/414/748 812/1161/748 813/1162/748 1073/415/748
f 813/1162/749 662/992/749 1035/212/749 1073/415/749
f 637/948/750 682/1163/750 681/1164/750 634/949/750
f 808/1165/751 815/1166/751 814/1167/751 809/1168/751
f 815/1166/752 735/1069/752 734/1068/752 814/1167/752
f 820/1169/753 817/1170/753 818/1171/753 819/1172/753
f 1003/1046/754 1007/1110/754 770/1109/754 705/1125/754
f 651/1057/755 819/958/755 712/961/755 715/1058/755
f 771/1173/756 822/1174/756 821/1175/756 772/1176/756
f 822/1174/757 695/1029/757 694/1028/757 821/1175/757
f 755/1098/758 675/1009/758 674/1008/758 756/1099/758
f 981/1177/759 659/984/759 658/987/759 994/1178/759
f 1076/434/760 825/1179/760 826/1180/760 1075/435/760
f 826/1180/761 812/1181/761 1074/438/761 1075/435/761
f 695/1029/762 738/1072/762 1058/1071/762 1045/1030/762
f 775/1114/763 618/935/763 617/934/763 776/1115/763
f 1010/1119/764 1013/1182/764 830/1183/764 779/1120/764
f 1013/1182/765 1005/1184/765 727/1185/765 830/1183/765
f 631/1186/766 835/1187/766 834/1188/766 630/1189/766
f 839/1190/767 836/1191/767 837/1192/767 838/1193/767
f 837/1192/768 795/1133/768 798/1132/768 838/1193/768
f 623/947/769 841/1140/769 840/1194/769 622/944/769
f 841/1140/770 728/1143/770 729/1195/770 840/1194/770
f 786/1121/771 909/968/771 760/967/771 807/1122/771
f 1078/1196/772 842/1197/772 843/1198/772 1077/1199/772
f 670/1200/773 842/1197/773 1078/1196/773 1038/1201/773
f 714/1054/774 711/1051/774 661/1202/774 977/1203/774
f 975/1204/775 660/1205/775 710/1050/775 744/1084/775
f 665/1206/776 758/1097/776 757/1100/776 666/1207/776
f 703/1044/777 845/1208/777 844/1209/777 704/1045/777
f 845/1208/778 739/1073/778 738/1072/778 844/1209/778
f 618/935/779 847/1210/779 846/1211/779 619/932/779
f 847/1210/780 789/1212/780 790/1213/780 846/1211/780
f 812/1161/781 617/934/781 616/933/781 813/1162/781
f 854/1214/782 851/1215/782 852/1216/782 853/1217/782
f 682/1011/783 856/1218/783 855/1219/783 679/1012/783
f 856/1218/784 858/1220/784 857/1221/784 855/1219/784
f 858/1220/785 860/1222/785 859/1223/785 857/1221/785
f 860/1222/786 851/1224/786 854/1225/786 859/1223/786
f 650/977/787 820/1169/787 819/1172/787 651/974/787
f 736/1070/788 668/1001/788 667/1000/788 737/1067/788
f 1014/1226/789 861/1227/789 862/1228/789 1015/1229/789
f 1016/1230/790 1017/1231/790 866/1232/790 867/1233/790
f 1015/1234/791 1018/1235/791 869/1236/791 863/1237/791
f 1018/1238/792 1017/1239/792 865/1240/792 869/1241/792
f 636/951/793 874/1242/793 873/1243/793 637/948/793
f 874/1242/794 876/1244/794 875/1245/794 873/1243/794
f 876/1244/795 878/1246/795 877/1247/795 875/1245/795
f 878/1246/796 653/1248/796 652/1249/796 877/1247/796
f 882/1250/797 879/1251/797 880/1252/797 881/1253/797
f 881/1253/798 641/952/798 640/955/798 882/1250/798
f 886/1254/799 883/1255/799 884/1256/799 885/1257/799
f 890/1258/800 887/1259/800 888/1260/800 889/1261/800
f 884/1256/801 892/1262/801 891/1263/801 885/1257/801
f 892/1262/802 887/1264/802 890/1265/802 891/1263/802
f 896/1266/803 893/1267/803 894/1268/803 895/1269/803
f 885/1257/804 898/1270/804 897/1271/804 886/1254/804
f 898/1270/805 894/1272/805 893/1273/805 897/1271/805
f 655/978/806 852/1274/806 851/1275/806 652/979/806
f 848/1276/807 902/1277/807 901/1278/807 849/1279/807
f 902/1280/808 888/1260/808 887/1259/808 901/1281/808
f 899/1282/809 904/1283/809 903/1284/809 900/1285/809
f 904/1286/810 792/1130/810 791/1129/810 903/1287/810
f 1081/544/811 905/1288/811 906/1289/811 1080/545/811
f 719/1063/812 906/1289/812 905/1288/812 720/1060/812
f 692/1290/813 912/1148/813 732/1147/813 731/1291/813
f 777/1292/814 624/941/814 627/940/814 778/1293/814
f 761/1294/815 833/1295/815 832/1296/815 762/1297/815
f 871/1298/816 825/1179/816 1076/434/816 1079/557/816
f 803/1299/817 908/1300/817 907/1301/817 802/1302/817
f 908/1300/818 910/969/818 909/968/818 907/1301/818
f 843/1198/819 693/1031/819 1044/1034/819 1077/1199/819
f 912/1148/820 914/1303/820 913/1304/820 911/1149/820
f 914/1303/821 753/1101/821 754/1102/821 913/1304/821
f 1019/1305/822 1020/1306/822 916/1307/822 917/1308/822
f 916/1307/823 920/1309/823 919/1310/823 917/1308/823
f 920/1309/824 843/1198/824 842/1197/824 919/1310/824
f 649/1311/825 922/1312/825 921/1313/825 650/1314/825
f 922/1312/826 924/1315/826 923/1316/826 921/1313/826
f 924/1315/827 926/1317/827 925/1318/827 923/1316/827
f 926/1317/828 638/953/828 641/952/828 925/1318/828
f 750/1096/829 643/962/829 852/965/829 655/1093/829
f 764/1104/830 927/1319/830 1082/578/830 1063/346/830
f 927/1319/831 871/1298/831 1079/557/831 1082/578/831
f 1006/1107/832 1021/1320/832 928/1321/832 769/1108/832
f 1021/1320/833 1012/1322/833 827/1323/833 928/1321/833
f 930/993/834 905/1288/834 1081/544/834 1083/213/834
f 879/1251/835 680/1013/835 679/1012/835 880/1252/835
f 894/1268/836 932/1324/836 931/1325/836 895/1269/836
f 932/1324/837 836/1326/837 839/1327/837 931/1325/837
f 866/1232/838 893/1267/838 896/1266/838 867/1233/838
f 792/1130/839 864/1328/839 863/1237/839 793/1131/839
f 789/1212/840 934/1329/840 933/1330/840 790/1213/840
f 934/1329/841 899/1331/841 900/1332/841 933/1330/841
f 710/1050/842 660/1205/842 661/1202/842 711/1051/842
f 918/1333/843 936/1334/843 935/1335/843 915/1336/843
f 936/1334/844 826/1180/844 825/1179/844 935/1335/844
f 906/1289/845 783/1123/845 1067/372/845 1080/545/845
f 861/1227/846 883/1255/846 886/1254/846 862/1228/846
f 833/1337/847 938/1338/847 937/1339/847 832/1340/847
f 938/1341/848 940/1342/848 939/1343/848 937/1344/848
f 940/1342/849 879/1251/849 882/1250/849 939/1343/849
f 880/1252/850 942/1345/850 941/1346/850 881/1253/850
f 942/1345/851 944/1347/851 943/1348/851 941/1346/851
f 944/1347/852 946/1349/852 945/1350/852 943/1348/852
f 946/1349/853 817/1351/853 820/1352/853 945/1350/853
f 817/1170/854 854/1214/854 853/1217/854 818/1171/854
f 718/1062/855 803/1299/855 802/1302/855 719/1063/855
f 731/1353/856 948/1354/856 947/1355/856 730/1356/856
f 948/1354/857 950/1357/857 949/1358/857 947/1355/857
f 950/1357/858 633/1154/858 632/1157/858 949/1358/858
f 1012/1322/859 1020/1306/859 915/1336/859 827/1323/859
f 1019/1305/860 1009/1359/860 776/1360/860 918/1333/860
f 639/954/861 952/1361/861 951/1362/861 640/955/861
f 952/1361/862 954/1363/862 953/1364/862 951/1362/862
f 954/1365/863 672/1366/863 671/1367/863 953/1368/863
f 1005/1369/864 1022/1370/864 955/1371/864 727/1372/864
f 1022/1373/865 1014/1374/865 864/1328/865 955/1375/865
f 645/998/866 646/999/866 804/1376/866 801/1377/866
f 728/1378/867 958/1379/867 957/1380/867 729/1381/867
f 958/1382/868 884/1256/868 883/1255/868 957/1383/868
f 759/1384/869 960/1385/869 959/1386/869 760/1387/869
f 960/1385/870 962/1388/870 961/1389/870 959/1386/870
f 962/1388/871 761/1294/871 762/1297/871 961/1389/871
f 801/1377/872 804/1376/872 848/1390/872 849/1391/872
f 835/1392/873 964/1393/873 963/1394/873 834/1395/873
f 964/1396/874 966/1397/874 965/1398/874 963/1399/874
f 966/1397/875 635/950/875 634/949/875 965/1398/875
f 889/1261/876 968/1400/876 967/1401/876 890/1258/876
f 968/1400/877 837/1402/877 836/1403/877 967/1401/877
f 796/1134/878 865/1404/878 868/1405/878 797/1135/878
f 888/1260/879 791/1129/879 794/1128/879 889/1261/879
f 733/1406/880 970/1407/880 969/1408/880 732/1409/880
f 970/1407/881 972/1410/881 971/1411/881 969/1408/881
f 972/1410/882 631/1186/882 630/1189/882 971/1411/882
f 660/1205/883 975/1204/883 992/1412/883 976/1413/883
f 998/1414/884 747/1088/884 657/986/884 996/1150/884
f 975/1204/885 744/1084/885 982/1083/885 992/1412/885
f 995/1415/886 991/1416/886 973/1417/886 994/1178/886
f 714/1054/887 977/1203/887 993/1418/887 974/1055/887
f 709/960/888 745/1085/888 744/1084/888 710/1050/888
f 650/1314/889 921/1313/889 945/1350/889 820/1352/889
f 921/1313/890 923/1316/890 943/1348/890 945/1350/890
f 923/1316/891 925/1318/891 941/1346/891 943/1348/891
f 925/1318/892 641/952/892 881/1253/892 941/1346/892
f 679/1012/893 855/1219/893 942/1345/893 880/1252/893
f 855/1219/894 857/1221/894 944/1347/894 942/1345/894
f 857/1221/895 859/1223/895 946/1349/895 944/1347/895
f 859/1223/896 854/1225/896 817/1351/896 946/1349/896
f 851/1419/897 860/1420/897 877/1247/897 652/1249/897
f 860/1420/898 858/1421/898 875/1245/898 877/1247/898
f 858/1421/899 856/1422/899 873/1243/899 875/1245/899
f 856/1422/900 682/1163/900 637/948/900 873/1243/900
f 638/957/901 926/1423/901 874/1242/901 636/951/901
f 926/1423/902 924/1424/902 876/1244/902 874/1242/902
f 924/1424/903 922/1425/903 878/1246/903 876/1244/903
f 922/1425/904 649/1426/904 653/1248/904 878/1246/904
f 879/1251/905 940/1342/905 685/1021/905 680/1013/905
f 940/1342/906 938/1341/906 683/1022/906 685/1021/906
f 938/1338/907 833/1337/907 677/1018/907 683/1017/907
f 834/1395/908 963/1394/908 684/1427/908 678/1428/908
f 963/1399/909 965/1398/909 686/1429/909 684/1430/909
f 965/1398/910 634/949/910 681/1164/910 686/1429/910
f 672/1431/911 954/1432/911 964/1393/911 835/1392/911
f 954/1433/912 952/1434/912 966/1397/912 964/1396/912
f 952/1434/913 639/956/913 635/950/913 966/1397/913
f 640/955/914 951/1362/914 939/1343/914 882/1250/914
f 951/1362/915 953/1364/915 937/1344/915 939/1343/915
f 953/1368/916 671/1367/916 832/1340/916 937/1339/916
f 673/1004/917 768/1106/917 832/1296/917 671/1007/917
f 768/1106/918 767/1105/918 762/1297/918 832/1296/918
f 633/1435/919 630/1189/919 834/1188/919 678/1436/919
f 732/1409/920 969/1408/920 948/1437/920 731/1438/920
f 969/1408/921 971/1411/921 950/1439/921 948/1437/921
f 971/1411/922 630/1189/922 633/1435/922 950/1439/922
f 631/1186/923 972/1410/923 700/1037/923 698/1038/923
f 972/1410/924 970/1407/924 699/1035/924 700/1037/924
f 970/1407/925 733/1406/925 697/1036/925 699/1035/925
f 761/1294/926 632/1157/926 677/1156/926 833/1295/926
f 759/1384/927 730/1356/927 947/1355/927 960/1385/927
f 960/1385/928 947/1355/928 949/1358/928 962/1388/928
f 962/1388/929 949/1358/929 632/1157/929 761/1294/929
f 767/1105/930 811/1160/930 961/1389/930 762/1297/930
f 811/1160/931 810/1159/931 959/1386/931 961/1389/931
f 810/1159/932 807/1158/932 760/1387/932 959/1386/932
f 783/1123/933 802/1302/933 907/1301/933 785/1124/933
f 785/1124/934 907/1301/934 909/968/934 786/1121/934
f 692/1290/935 690/1440/935 914/1303/935 912/1148/935
f 690/1440/936 688/1441/936 753/1101/936 914/1303/936
f 742/1080/937 911/1149/937 913/1304/937 743/1081/937
f 743/1081/938 913/1304/938 754/1102/938 741/1082/938
f 687/1026/939 689/1025/939 908/1300/939 803/1299/939
f 689/1025/940 691/972/940 910/969/940 908/1300/940
f 809/1168/941 814/1167/941 983/1442/941 816/1443/941
f 816/1443/942 983/1442/942 665/1206/942 645/1444/942
f 814/1167/943 734/1068/943 806/1144/943 983/1442/943
f 983/1442/944 806/1144/944 758/1097/944 665/1206/944
f 753/1101/945 688/1441/945 666/1207/945 757/1100/945
f 741/1082/946 754/1102/946 756/1099/946 674/1008/946
f 737/1067/947 667/1000/947 676/1010/947 805/1145/947
f 805/1145/948 676/1010/948 675/1009/948 755/1098/948
f 722/938/949 984/1090/949 664/996/949 717/1061/949
f 984/1090/950 647/1089/950 646/999/950 664/996/950
f 803/1299/951 718/1062/951 663/995/951 687/1026/951
f 802/1302/952 783/1123/952 906/1289/952 719/1063/952
f 646/999/953 647/1089/953 644/1092/953 804/1376/953
f 930/993/954 721/939/954 720/1060/954 905/1288/954
f 813/1162/955 616/933/955 621/936/955 662/992/955
f 826/1180/956 936/1334/956 617/1445/956 812/1181/956
f 936/1334/957 918/1333/957 776/1360/957 617/1445/957
f 618/935/958 775/1114/958 781/1118/958 847/1210/958
f 847/1210/959 781/1118/959 779/1120/959 789/1212/959
f 619/932/960 846/1211/960 748/1091/960 620/937/960
f 846/1211/961 790/1213/961 644/1092/961 748/1091/961
f 779/1120/962 830/1183/962 934/1329/962 789/1212/962
f 830/1183/963 727/1185/963 899/1331/963 934/1329/963
f 780/1446/964 622/944/964 840/1194/964 831/1447/964
f 831/1447/965 840/1194/965 729/1195/965 726/1448/965
f 778/1293/966 627/940/966 629/945/966 782/1449/966
f 782/1449/967 629/945/967 622/944/967 780/1446/967
f 625/942/968 669/1002/968 668/1001/968 736/1070/968
f 623/947/969 628/946/969 815/1166/969 808/1165/969
f 628/946/970 626/943/970 735/1069/970 815/1166/970
f 917/1308/971 919/1310/971 624/1450/971 777/1451/971
f 919/1310/972 842/1197/972 670/1200/972 624/1450/972
f 843/1198/973 920/1309/973 829/1452/973 693/1031/973
f 920/1309/974 916/1307/974 828/1453/974 829/1452/974
f 703/1044/975 708/1454/975 985/1455/975 845/1208/975
f 708/1454/976 701/1077/976 740/1075/976 985/1455/976
f 739/1073/977 845/1208/977 985/1455/977 740/1075/977
f 695/1029/978 822/1174/978 844/1209/978 738/1072/978
f 822/1174/979 771/1173/979 704/1045/979 844/1209/979
f 723/1064/980 725/1066/980 986/1456/980 787/1127/980
f 725/1066/981 702/1041/981 707/1048/981 986/1456/981
f 706/1049/982 787/1127/982 986/1456/982 707/1048/982
f 763/1103/983 724/1065/983 788/1126/983 773/1112/983
f 773/1112/984 788/1126/984 705/1125/984 770/1109/984
f 871/1298/985 927/1319/985 987/1457/985 872/1458/985
f 872/1458/986 987/1457/986 928/1321/986 827/1323/986
f 927/1319/987 764/1104/987 774/1111/987 987/1457/987
f 987/1457/988 774/1111/988 769/1108/988 928/1321/988
f 693/1031/989 829/1452/989 988/1459/989 696/1032/989
f 696/1032/990 988/1459/990 821/1175/990 694/1028/990
f 829/1452/991 828/1453/991 929/1460/991 988/1459/991
f 988/1459/992 929/1460/992 772/1176/992 821/1175/992
f 825/1179/993 871/1298/993 872/1458/993 935/1335/993
f 935/1335/994 872/1458/994 827/1323/994 915/1336/994
f 727/1372/995 955/1371/995 904/1283/995 899/1282/995
f 955/1375/996 864/1328/996 792/1130/996 904/1286/996
f 900/1285/997 903/1284/997 902/1277/997 848/1276/997
f 903/1287/998 791/1129/998 888/1260/998 902/1280/998
f 861/1227/999 956/1461/999 957/1383/999 883/1255/999
f 956/1462/1000 726/1463/1000 729/1381/1000 957/1380/1000
f 866/1464/1001 870/1465/1001 897/1271/1001 893/1273/1001
f 870/1465/1002 862/1228/1002 886/1254/1002 897/1271/1002
f 849/1466/1003 901/1467/1003 989/1468/1003 850/1469/1003
f 850/1469/1004 989/1468/1004 958/1379/1004 728/1378/1004
f 901/1470/1005 887/1264/1005 892/1262/1005 989/1471/1005
f 989/1471/1006 892/1262/1006 884/1256/1006 958/1382/1006
f 889/1261/1007 794/1128/1007 799/1137/1007 968/1400/1007
f 968/1400/1008 799/1137/1008 795/1139/1008 837/1402/1008
f 863/1237/1009 869/1236/1009 800/1136/1009 793/1131/1009
f 869/1236/1010 865/1472/1010 796/1138/1010 800/1136/1010
f 894/1272/1011 898/1270/1011 990/1473/1011 932/1474/1011
f 932/1474/1012 990/1473/1012 967/1475/1012 836/1476/1012
f 898/1270/1013 885/1257/1013 891/1263/1013 990/1473/1013
f 990/1473/1014 891/1263/1014 890/1265/1014 967/1475/1014
f 698/1038/1015 672/1477/1015 835/1187/1015 631/1186/1015
f 784/1141/1016 841/1140/1016 623/947/1016 808/1165/1016
f 804/1376/1017 933/1330/1017 900/1332/1017 848/1390/1017
f 790/1213/1018 933/1330/1018 804/1376/1018 644/1092/1018
f 808/1165/1019 809/1168/1019 801/1152/1019 784/1141/1019
f 645/1444/1020 801/1152/1020 809/1168/1020 816/1443/1020
f 977/1203/1021 661/1202/1021 978/1478/1021 993/1418/1021
f 745/1085/1022 751/1479/1022 979/1480/1022 980/1086/1022
f 766/1481/1023 713/1053/1023 973/1052/1023 991/1482/1023
f 661/1202/1024 660/1205/1024 976/1413/1024 978/1478/1024
f 746/1087/1025 995/1415/1025 994/1178/1025 658/987/1025
f 974/1483/1026 981/1177/1026 994/1178/1026 973/1417/1026
f 979/1484/1027 998/1414/1027 996/1150/1027 980/1485/1027
f 980/1485/1028 996/1150/1028 997/1151/1028 982/1486/1028
f 642/963/1029 751/1479/1029 745/1085/1029 709/960/1029
f 643/962/1030 752/1487/1030 751/1479/1030 642/963/1030
f 750/1096/1031 823/1488/1031 752/1487/1031 643/962/1031
f 749/1095/1032 824/1489/1032 823/1488/1032 750/1096/1032
f 716/1059/1033 765/1490/1033 824/1489/1033 749/1095/1033
f 715/1058/1034 766/1481/1034 765/1490/1034 716/1059/1034
f 712/961/1035 713/1053/1035 766/1481/1035 715/1058/1035
f 659/984/1036 999/988/1036 1000/991/1036 656/985/1036
f 1024/1491/1037 999/988/1037 659/984/1037 981/1177/1037
f 1024/1491/1038 981/1177/1038 974/1483/1038 993/1492/1038
f 982/1486/1039 997/1151/1039 1023/1493/1039 992/1494/1039
f 997/1151/1040 656/985/1040 1000/991/1040 1023/1493/1040
f 956/1461/1041 861/1227/1041 1014/1226/1041 1022/1495/1041
f 726/1463/1042 956/1462/1042 1022/1496/1042 1005/1497/1042
f 917/1308/1043 777/1451/1043 1009/1359/1043 1019/1305/1043
f 828/1453/1044 916/1307/1044 1020/1306/1044 1012/1322/1044
f 929/1460/1045 828/1453/1045 1012/1322/1045 1021/1320/1045
f 772/1176/1046 929/1460/1046 1021/1320/1046 1006/1107/1046
f 918/1333/1047 915/1336/1047 1020/1306/1047 1019/1305/1047
f 870/1465/1048 866/1464/1048 1017/1498/1048 1018/1499/1048
f 862/1228/1049 870/1465/1049 1018/1499/1049 1015/1229/1049
f 868/1405/1050 865/1404/1050 1017/1500/1050 1016/1501/1050
f 864/1328/1051 1014/1374/1051 1015/1234/1051 863/1237/1051
f 831/1447/1052 726/1448/1052 1005/1502/1052 1013/1503/1052
f 780/1446/1053 831/1447/1053 1013/1503/1053 1010/1504/1053
f 704/1045/1054 771/1173/1054 1007/1110/1054 1003/1046/1054
f 782/1449/1055 780/1446/1055 1010/1504/1055 1011/1505/1055
f 778/1293/1056 782/1449/1056 1011/1505/1056 1008/1506/1056
f 778/1293/1057 1008/1506/1057 1009/1507/1057 777/1292/1057
f 772/1176/1058 1006/1107/1058 1007/1110/1058 771/1173/1058
f 708/1454/1059 703/1044/1059 1002/1043/1059 1004/1047/1059
f 701/1077/1060 708/1454/1060 1004/1047/1060 1001/1040/1060
f 706/1049/1061 1002/1043/1061 1003/1046/1061 705/1125/1061
f 1053/1078/1062 701/1077/1062 1001/1040/1062 1084/1039/1062
f 976/990/1063 992/1494/1063 1023/1493/1063 1000/991/1063
f 978/989/1064 999/988/1064 1024/1491/1064 993/1492/1064
f 1032/1508/1065 1027/1509/1065 1030/1510/1065 1031/1511/1065
f 991/1416/1066 1028/1512/1066 1027/1509/1066 1032/1508/1066
f 1033/1513/1067 1026/1514/1067 1025/1515/1067 979/1484/1067
f 1034/1516/1068 1029/1517/1068 1026/1514/1068 1033/1513/1068
f 1031/1511/1069 1030/1510/1069 1029/1517/1069 1034/1516/1069
f 1029/1517/531 1030/1510/531 1027/1509/531 1026/1514/531
f 1026/1514/531 1027/1509/531 1028/1512/531 1025/1515/531
f 746/1087/1070 747/1088/1070 1025/1515/1070 1028/1512/1070
f 824/1489/1071 1031/1518/1071 1034/1519/1071 823/1488/1071
f 823/1488/1072 1034/1519/1072 1033/1520/1072 752/1487/1072
f 752/1487/1073 1033/1520/1073 979/1480/1073 751/1479/1073
f 766/1481/1074 991/1482/1074 1032/1521/1074 765/1490/1074
f 765/1490/1075 1032/1521/1075 1031/1518/1075 824/1489/1075
f 991/1416/1076 995/1415/1076 746/1087/1076 1028/1512/1076
f 979/1484/1077 1025/1515/1077 747/1088/1077 998/1414/1077
